url,status_code
https://myvietmagazine.com/10-best-real-money-online-casinos-casino-sites-2/,200
https://theanushareddy.com/2025/03/27/top-online-casinos-of-2025-play-real-money-games-3/,404
https://icac.tn/best-online-crypto-casinos-top-sites-for-safe-fast/,200
https://saintpatrickacademy.org/top-real-money-casino-apps-2025-best-mobile-3/,403
https://bdmetalrecycling.com/california-online-gambling-2025-casinos-sports-2/,404
https://trungtamdichthuatvinasite.com/best-online-casinos-in-canada-for-real-money-2025-3/,301
https://restauracjaosiedlowa.pl/2025/03/27/top-10-online-casinos-to-play-real-money-games-in-2/,404
https://weednerds.ca/texas-casinos-2025-top-online-tx-gambling-sites-2/,200
https://huranavylet.cz/news/best-10-real-money-online-casinos-gambling-sites/,200
https://hotlineforwildlife.org/top-10-casino-gambling-sites-for-real-money-in-the-3/,405
https://www.pawseco.com.au/best-online-casinos-in-canada-for-real-money-2025-4/,-1
https://us.siodil.com/10-best-real-money-online-casinos-for-usa-players-2/,403
https://lungchien.com/texas-casinos-2025-top-online-tx-gambling-sites-3/,200
https://tekcom.co.ke/top-online-casinos-canada-in-2025-for-real-money/,200
https://ronghua-clinic.com/best-10-live-roulette-online-casinos-for-real-3/,404
https://www.snugandsound.com.au/2025/03/best-online-casinos-australia-top-aussie-gambling/,403
https://www.klmetalsheet.com/news/top-10-casino-gambling-sites-for-real-money-in-the-2/,404
https://cdgsmooc.cdg.co.th/online-casinos-california-ca-gambling-real-money-2/,200
https://blog.cnsmais.com.br/legal-online-casinos-for-2025/,200
https://tarnabyfjallhotell.com/news/top-online-casinos-canada-in-2025-for-real-money-2/,404
https://kierjoffe.com/test/2025/03/27/best-real-money-casinos-online-casinos-that-pay/,404
https://agendamentomogiguacu.org/top-10-online-casino-real-money-sites-in-the-usa-2/,200
https://ssscourierja.com/best-10-real-money-online-casinos-gambling-sites-2/,403
https://papasdhosa.com/news/slots-sponsored-post-why-are-casino-slots-very-4/,200
https://hotel.arituba.com.br/slots-sponsored-post-why-are-casino-slots-very/,200
https://omsairambooks.com/top-10-online-slots-for-real-money-sites-2025-2/,406
https://nitro-acoustic.com/online-casino-play-with-250-bonus-on/,200
https://al-hambra.co.za/2025/03/27/top-online-casino-games-to-gamble-for-real-money/,404
https://bes-solar.de/slots-sponsored-post-why-are-casino-slots-very-2/,200
https://nhaxecohai.com/software-do-you-know-experienced-slot-game-players/,200
https://ekamgroup.com.au/2025/03/27/voslot-online-casino-play-jili-slots-poker-2/,404
https://ptsiap.com/2025/03/27/top-online-casino-games-for-2025-play-win-real/,200
https://palrinehomecare.com/online-casino-play-with-250-bonus-on-2/,500
https://solpremier.com/best-online-slots-for-real-money-top-5-slot-games/,200
https://beautopia.parfym.se/free-slots-no-download-play-demo-slot-machine/,200
https://nbsskincare.id/hollywood-casino-free-online-slots/,-1
https://xmovecar.com.br/slots-sponsored-post-why-are-casino-slots-very-3/,200
https://v-katsaras.gr/free-online-slots-play-casino-slot-machine-games/,403
https://hornimports.com/2025/03/27/free-slots-no-download-play-demo-slot-machine-2/,200
https://new.jfpa.or.jp/2025/03/news/11177/,404
https://vitatrend.com/play-free-casino-games-online/,403
https://costacareers.co.uk/10-best-live-casinos-to-play-for-real-money-online/,200
https://garten.haus-xxl.de/10-best-real-money-online-casinos-casino-sites/,200
https://mecanizadosjosemartinez.eu/best-no-deposit-casino-bonuses-us-march-2025-2/,301
https://monatpub.com/best-online-casinos-in-canada-based-on-real/,404
https://www.havlekadin.com/top-real-money-casino-apps-2025-best-mobile-2/,404
https://cromania.pl/texas-casinos-2025-top-online-tx-gambling-sites/,404
https://fastidiomas.com/top-usa-casinos-2024-best-online-casinos-for-us-2/,200
https://www.satirdanlahmacun.com.tr/2025/03/27/deze-online-casino-s-zijn-legaal-in-nederland-2/,200
https://shop.grubin.rs/top-10-gambling-casinos-usa-to-play-for-real-money-2/,200
https://skillbeyondboundaries.com/best-10-live-roulette-online-casinos-for-real/,404
https://www.shuonya.com/news/top-10-online-casinos-to-play-real-money-games-in/,200
https://www.palma.jp/deze-online-casino-s-zijn-legaal-in-nederland-3/,404
https://oal.law/the-best-real-money-online-casinos-for-u-s-players-2/,403
http://maneholige.in/2025/03/27/top-online-casino-bonus-offers-2025-claim-your/,200
https://globmops.com/2025/03/27/best-10-live-roulette-online-casinos-for-real-2/,200
https://eastern.in/top-usa-casinos-2024-best-online-casinos-for-us/,200
https://protection-safety.com/top-online-casinos-of-2025-play-real-money-games/,200
https://nursaidov.uz/2025/03/27/top-10-gambling-casinos-usa-to-play-for-real-money/,404
https://morkeaw.net/top-online-casinos-of-2025-play-real-money-games-2/,200
https://whatmanandvan.co.uk/top-real-money-casino-apps-2025-best-mobile/,403
https://esmc.co/california-online-gambling-2025-casinos-sports/,404
https://jumpaltitude.com/woodbridge/blog/online-casino-sites-expert-reviews-for-march-2025/,200
https://arrivata.com.ar/deze-online-casino-s-zijn-legaal-in-nederland-4/,200
https://guyharveyresortstaugustinebeach.com/2025/03/27/top-10-online-casino-real-money-sites-in-the-usa/,301
https://uastm-univ.com/best-online-casinos-in-canada-based-on-real-2/,403
https://genxlive.in/2025/03/27/best-online-casinos-in-usa-top-casino-sites-for/,405
https://veyse.com/online-casinos-california-ca-gambling-real-money/,403
https://dimarpropiedades.com/best-online-casinos-in-canada-for-real-money-2025-2/,404
https://www.midlandtexas.com/online-casino-play-with-250-bonus-on-6/,403
http://onlinepitbikeshop.nl/2025/03/27/tragaperras-gratis-maquinas-tragamonedas-gratis/,200
https://saitjbp.in/best-online-slots-in-the-philippines-for-2025-safe-2/,404
https://falacanedo.com.br/2025/03/27/casino-how-can-i-place-a-bet-in-a-casino-without-2/,404
https://www.uchennabiblia.com/best-online-slots-for-real-money-top-5-slot-games-3/,200
https://safastudy.com/10-best-real-money-online-slots-sites-of-2025/,200
https://topganlasers.com/play-slot-games-online-with-mystic-slots-2/,200
https://reservedele.iforwilliams.dk/free-slots-online-play-10000-slots-for-free/,200
https://notar1190.at/play-free-slots-online-best-vegas-casino-slot/,403
https://ajanvaraus.coronariahammasklinikka.fi/ezslot-slot-online-2/,301
https://skyonlineid.com/software-do-you-know-experienced-slot-game-players-2/,200
https://farkasfilter.hu/index.php/2025/03/27/top-online-casino-games-to-gamble-for-real-money-2/,403
https://lhm-as.com/voslot-online-casino-play-jili-slots-poker-3/,200
https://realmercury.co/free-online-slots-play-casino-slot-machine-games-4/,200
https://gulfuniform.com.sa/top-online-slots-for-real-money-10-best-casino-2/,200
https://linglongtire.cy/web/en/2025/03/27/ezslot-slot-online/,404
http://www.vikalprehab.com/blog/free-slots-demo-games-play-24-000-free-play-games-3,200
https://powerworkselectric.com/top-10-online-slots-for-real-money-sites-2025-4/,200
https://trovity.com/free-slots-no-download-play-demo-slot-machine-3/,200
https://reforma.uis.edu.co/win-big-at-sloto-cash-with-a-7777-bonus-2/,200
https://youngevityrc.com/10-best-mobile-casinos-and-apps-for-real-money-2/,403
https://porndox.com/10-best-mobile-casinos-and-apps-for-real-money/,404
https://homefarmsalon.co.uk/play-free-casino-games-online-best-slot-table-2/,500
https://smanegeri10palembang.sch.id/online-casino-play-with-250-bonus-on-3/,404
https://sulex.com.au/casino-i-am-interested-in-casinos-what-game-should/,403
https://farmersarmsgoldcliff.com/slots-forum-2/,403
https://www.priyadarshinimontessori.com/top-online-casino-games-for-2025-play-win-real-2/,502
https://dcba.com/unveiling-secrets-of-thriving-in-casino-online/,200
https://wahmarathi.com/top-online-casino-games-for-2025-play-win-real-3/,200
https://traur.kiev.ua/top-10-online-casino-real-money-sites-in-the-usa-3/,200
https://ocdamericacentral.com/play-free-casino-games-online-best-slot-table/,200
https://gridon.nl/nl/online-casino-play-with-250-bonus-on-4/,200
http://www.drazhakeem.com/2025/03/27/free-online-slots-play-casino-slot-machine-games-3/,404
https://qalux.pl/2025/03/27/slots-sponsored-post-why-are-casino-slots-very-6/,200
https://www.cbit.ac.in/online-casino-play-with-250-bonus-on-5/,404
https://leloupcb.com/top-10-online-slots-for-real-money-sites-2025-3/,301
https://academy.alkhansas.com/play-slot-games-online-with-mystic-slots/,-1
https://tehranprojectors.com/best-online-slots-in-the-philippines-for-2025-safe,200
https://poolwelt.de/top-online-casino-games-for-2025-play-win-real-4/,200
https://koloseum.rs/2025/03/27/latest-phones-and-tablets-at-slot-nigeria-explore/,200
https://web2023.donboscomacas.edu.ec/best-10-online-slots-casinos-to-play-for-real/,406
https://ict.pucv.cl/index.php/the-best-real-money-online-casinos-for-u-s-players/,-1
https://loanjunction.org/news/best-no-deposit-casino-bonuses-us-march-2025/,200
https://wpmodel3-c12603-2.btsndrc.ac/online-casino-games-2025-play-south-african-casino-13/,200
https://wp11-c12667-2.btsndrc.ac/free-welcome-bonus-no-deposit-required-real-money-14/,404
https://diariocoahuila.com/news/best-online-casinos-in-south-africa-top-rating-2/,200
https://theduiguynow.com/play-1000-games-with-btc-ltc-bch-at-punt-crypto-3/,403
https://drje.id3a.net/best-online-casinos-in-south-africa-2025-14/,200
https://elektral.com/top-10-online-casino-real-money-sites-in-the-usa-6/,200
https://diablotine-coiffure-mode-solomiac.fr/best-real-money-online-casinos-2025-10/,200
https://nhanlongfood.com.vn/news/free-welcome-bonus-no-deposit-required-real-money-3/,-1
https://apoiotic.uem.mz/online-casino-south-africa-get-an-r11-500-welcome-8/,200
https://shopthenho.com/casino-guru-der-ultimative-leitfaden-der-online-11/,200
http://roscher.com.br/goldrush-online-casino-south-africa-real-money-11/,200
https://www.rararara.kr/news/best-online-casinos-2025-top-100-reviews-10/,200
https://yosoyvideo.com/news/casino-guru-der-ultimative-leitfaden-der-online-7-2/,404
https://thecrownandanchor.ca/2025/04/17/play-1000-games-with-btc-ltc-bch-at-punt-crypto-12/,200
https://newtheatre.ge/best-online-casinos-in-south-africa-top-rating-3/,200
https://launcher.brandbomb.com.ph/2025/04/17/casino-guru-der-ultimative-leitfaden-der-online-10/,200
https://aoi-es.jp/?p=143839,200
https://national-art-exhibition.su.ac.th/?p=256552,200
http://genre.hcp.ma/best-online-casinos-2025-top-100-reviews/,200
https://annokovn.com.vn/news/south-african-online-casinos-list-best-rated-2025-2/,200
https://elfaleh.net/goldrush-online-casino-south-africa-real-money-17/,301
https://sohosport.co.il/news/10-best-online-casinos-for-real-money-april-2025-4/,200
https://plus.chidaneh.com/best-online-casinos-in-south-africa-2025-8/,200
https://www.vip9eurocup.com/best-online-casinos-in-south-africa-top-rating-6/,530
http://skatepark.brzozow.pl/?p=72579,200
https://huynhjewelry.vn/best-online-casinos-in-south-africa-updated-april-6/,404
https://ntntrading.com/2025/04/17/best-real-money-online-casinos-2025-6/,200
https://demo.focusonweb.gr/2025/04/17/10-best-online-casinos-for-real-money-april-2025-2/,200
https://anngocmaihotel.com/2025/04/17/best-online-casinos-in-south-africa-2025/,-1
https://www.rptor.pl/best-real-money-online-casinos-2025-7/,200
https://gcddevelopment.com/eh/best-online-casinos-south-africa-2025-top-casino-5/,404
https://ocw.hanyang.ac.kr/?p=81037,200
https://arthaproperty.id/best-online-casinos-2025-7-000-real-money-sites-7/,200
https://vancouverme.com/best-real-money-online-casinos-2025-2/,200
http://community.complexdietdrops.com/online-casino-south-africa-get-an-r11-500-welcome-15/,500
https://darelkhoms.ly/goldrush-online-casino-south-africa-real-money-14/,403
https://ifixdigital.com.br/free-welcome-bonus-no-deposit-required-real-money-4/,200
https://kditechnology.com/best-online-casinos-australia-top-aussie-real-3-2/,200
https://lebanontimes.news/archives/571110,200
https://www.chonlateevip.com/best-online-casinos-in-south-africa-top-rating-7/,-1
https://praz.vn/free-welcome-bonus-no-deposit-required-real-money-10/,200
https://ikkukai1.xrea.cc/2025/04/17/best-online-casinos-in-south-africa-updated-april-12/,404
https://demotemplate05.tour.weonlite.com/online-casino-south-africa-get-an-r11-500-welcome-13/,404
http://glaube-sa.com.ar/?p=52974,200
https://loogi.es/best-online-casinos-2025-top-100-reviews-13/,200
https://ectb.org/best-online-casinos-2025-7-000-real-money-sites-2/,200
https://aqua-hiraku.com/2025/04/17/best-online-casinos-2025-top-100-reviews-5/,200
https://umbrellaofhopeinitiative.org/casino-guru-der-ultimative-leitfaden-der-online-8/,403
https://learntorecycle.co.za/2025/04/17/top-10-online-casino-real-money-sites-in-the-usa-8/,200
https://kitogalo.com/trusted-online-casino-5/,200
https://alif.news/online-casino-games-for-real-cash-in-south-africa-20/,-1
https://congtythongtaccong247.com/casino-guru-der-ultimative-leitfaden-der-online/,200
https://itt.kaunokolegija.lt/best-new-online-casinos-south-africa-2025-4/,200
https://rhtibd.com/best-real-money-casinos-online-casinos-that-pay/,500
https://raza.apha.org.pk/2025/04/17/goldrush-online-casino-south-africa-real-money-12/,200
https://helpdesk.templatemonsterdev.com/best-real-money-casinos-online-casinos-that-pay-10/,200
https://avance.com.vn/south-african-online-casinos-list-best-rated-2025-9/,200
https://nevafixtore.com/best-online-casinos-south-africa-2025-top-casino-3/,200
https://7starzmoving.ca/2025/04/best-online-casinos-australia-top-aussie-real-4/,200
https://babyobservasjon.no/online-casino-south-africa-get-an-r11-500-welcome-11/,200
https://ksadvocatesuganda.com/online-casino-south-africa-get-an-r11-500-welcome-12/,200
https://cottonpub.ro/play-1000-games-with-btc-ltc-bch-at-punt-crypto-5/,200
https://pk.oraaq.com/index.php/2025/04/17/play-1000-games-with-btc-ltc-bch-at-punt-crypto-9/,200
https://firmovo.de/online-casino-games-for-real-cash-in-south-africa-16/,200
https://suner.serv00.net/free-welcome-bonus-no-deposit-required-real-money-11/,200
https://elninopalta.cl/best-online-casinos-in-south-africa-2025-9/,200
https://tiendadesoftware.com.mx/best-online-casinos-in-south-africa-2025-11/,-1
https://radicoindia.com/trusted-online-casino-8/,403
https://goldenaimawards.com/free-welcome-bonus-no-deposit-required-real-money-5/,200
https://thuongxuanonline.net/casino-guru-der-ultimative-leitfaden-der-online-15/,200
https://globalworkingfamilies.org/online-casino-games-2025-play-south-african-casino-14/,200
https://vaultpropertymanagement.co.nz/goldrush-online-casino-south-africa-real-money-8/,404
https://chok2006.com/best-online-casinos-2025-top-100-reviews-12/,200
https://www.div9interior.com/?p=92522,200
https://thietbiphongvu.com/online-casino-games-for-real-cash-in-south-africa-14/,200
https://spyexpress.webfarming.co.za/2025/04/17/10-best-online-casinos-for-real-money-april-2025-6/,200
https://kabburarchitects.com/online-casino-games-for-real-cash-in-south-africa-15/,404
https://yogamoves.se/online-casino-games-2025-play-south-african-casino/,404
https://rahmaniam.com/?p=104501,200
https://hotel-korsal.com/best-online-casinos-australia-top-aussie-real-2/,200
https://muc-advisory.com/best-real-money-online-casinos-2025-11/,200
https://hanie.vn/online-casino-games-for-real-cash-in-south-africa-12/,200
https://tokyo.kozai-reuse.org/blog/10071.html,200
https://bloglandcentral.preferati.net/land-university-blog/top-10-online-casino-real-money-sites-in-the-usa-5/,200
http://leadercosmesi.it/2025/04/17/online-casino-games-for-real-cash-in-south-africa-5/,200
https://abzarmohsen.com/online-casino-games-for-real-cash-in-south-africa-17/,200
https://www.kunalfoundry.com/2025/04/17/best-online-casinos-2025-7-000-real-money-sites-6/,200
https://fullleatherjackets.com/dev/test4/goldrush-online-casino-south-africa-real-money-13/,200
https://bamahvelat.ir/index.php/1404/01/28/best-real-money-casinos-online-casinos-that-pay-7/,301
https://viperlounge.co.za/2025/04/17/online-casino-south-africa-get-an-r11-500-welcome-10/,200
https://zoeculture.com.br/news/online-casino-games-for-real-cash-in-south-africa-4/,200
https://hitchedforever.com/blog/best-online-casinos-in-south-africa-updated-april-3/,200
https://cainghiengame.com/news/best-new-online-casinos-south-africa-2025-6.html,-1
https://cococi.jp/news/online-casino-games-2025-play-south-african-casino-3.html,200
https://krim-tur.ru/free-welcome-bonus-no-deposit-required-real-money-8/,200
https://faberconsulting.com/top-online-casino-games-to-gamble-for-real-money-12/,200
https://movilo-umzuege.de/2025/04/17/goldrush-online-casino-south-africa-real-money-3/,200
https://schreinerei-oberthulba.de/best-online-casinos-2025-7-000-real-money-sites-5/,200
https://rentadumput.com/top-10-online-casino-real-money-sites-in-the-usa-11/,404
https://dev.mealshift.co.uk/top-online-casinos-canada-in-2025-for-real-money-9/,200
https://slia.sl/2025/04/17/best-online-casinos-in-south-africa-top-rating/,200
https://fleurieupeninsulavisitorguide.com.au/2025/04/17/best-online-casinos-south-africa-2025-top-casino/,403
https://www.gulshanfabrics.com.pk/2025/04/17/online-casino-games-2025-play-south-african-casino-5/,200
https://site.tecnaind.com.br/top-10-online-casino-real-money-sites-in-the-usa-2/,200
https://adultpleasurezoneltd.co.uk/news/casino-guru-der-ultimative-leitfaden-der-online-4/,-1
https://leadbound.io/2025/04/17/best-real-money-online-casinos-2025-3/,200
https://www3.abafinance.com.mx/?p=107635,-1
https://xn--terapienaturalnebiaystok-e8d.pl/goldrush-online-casino-south-africa-real-money-15/,200
https://www.olondeandassociates.com/best-real-money-casinos-online-casinos-that-pay-5/,403
https://www.autosaleslead.com/best-online-casinos-2025-top-100-reviews-6/,200
https://news9kannada.com/top-online-casino-games-to-gamble-for-real-money-3/113880/,200
https://portal-previsional.uct.cl/portada/best-online-casinos-south-africa-2025-top-casino-4/,200
https://www.bencikovi.cz/2025/04/17/best-online-casinos-australia-top-aussie-real-6/,200
https://ippmt.kauko.lt/best-real-money-casinos-online-casinos-that-pay-2/,200
https://hirose-bd.com/?p=115487,-1
https://lp.mcf.house/online-casino-games-for-real-cash-in-south-africa-6/,200
https://lobby.hkoscon.org/2025/04/17/best-online-casinos-in-south-africa-top-rating-14/,200
http://dev.storm-hold.com/news/south-african-online-casinos-list-best-rated-2025/,200
https://royalswing.co.in/2025/04/17/casino-guru-der-ultimative-leitfaden-der-online-2/,200
https://spgaex.processus.edu.br/2025/04/17/online-casino-games-for-real-cash-in-south-africa-3/,200
https://hotelelciervo.net/play-1000-games-with-btc-ltc-bch-at-punt-crypto-11/,200
https://learnwebsite.elegantwallp.com/2025/04/17/best-online-casinos-south-africa-2025-top-casino-2/,200
https://noithatbacviet190.vn/casino-guru-der-ultimative-leitfaden-der-online-9/,200
https://ellen-conde.com/goldrush-online-casino-south-africa-real-money-19/,200
https://www.pravasitravel.com/casino-guru-der-ultimative-leitfaden-der-online-18/,200
https://ansinh103.com/best-online-casinos-in-south-africa-2025-7/,200
https://kiwings.in/free-welcome-bonus-no-deposit-required-real-money-13/,200
https://arashtalebi.com/goldrush-online-casino-south-africa-real-money-2/,200
https://betterparent.id/online-casino-games-for-real-cash-in-south-africa-18/,200
https://hobitec.ge/2025/04/17/goldrush-online-casino-south-africa-real-money-6/,404
https://mahmoudsheibani.ir/blog/2025/04/17/best-online-casinos-in-south-africa-2025-6/,-1
https://www.koinesansan.com/index.php/2025/04/17/south-african-online-casinos-list-best-rated-2025-8/,200
https://nhandaovadoisong.com.vn/best-online-casinos-in-south-africa-top-rating-11,200
https://nescapital.eu/index.php/2025/04/17/online-casino-south-africa-get-an-r11-500-welcome-9/,200
https://bonyadsite.ir/10-best-online-casinos-for-real-money-april-2025-5/,200
https://farsfiber.ir/2025/04/17/best-online-casinos-in-south-africa-top-rating-10/,200
https://millipublications.com/trusted-online-casino-6/,200
https://importsexports.sitepreview.me/south-african-online-casinos-list-best-rated-2025-13/,-1
https://kame.in.th/news/online-casino-games-for-real-cash-in-south-africa-11/,200
https://hlm.com.hk/online-casino-games-2025-play-south-african-casino-8/,200
https://codesksolutions.co/?p=239688,200
https://drink.mariko.vn/2025/04/17/casino-guru-der-ultimative-leitfaden-der-online-17/,200
http://www.strechyperfekt.cz/best-real-money-casinos-online-casinos-that-pay-6/,200
https://avts.vn/trusted-online-casino-3/,200
https://en.animaton.ir/28185/top-online-casino-games-to-gamble-for-real-money-2,200
https://thekalman.com/best-online-casinos-in-south-africa-top-rating-8/,200
https://sportserve.co/2025/04/17/top-online-casino-games-to-gamble-for-real-money-9/,200
https://oprelo.ioerj.com.br/2025/04/17/online-casino-south-africa-get-an-r11-500-welcome-6/,200
https://dev.recozilla.com/news/play-1000-games-with-btc-ltc-bch-at-punt-crypto-6/,200
https://writer-demo.boshka.eu/index.php/2025/04/17/online-casino-games-for-real-cash-in-south-africa-19/,200
https://blitz-transfer.com/play-1000-games-with-btc-ltc-bch-at-punt-crypto-4/,200
https://cvww.org.uk/index.php/2025/04/17/goldrush-online-casino-south-africa-real-money-18/,200
https://vedicprakashan.com/top-online-casino-games-to-gamble-for-real-money-4/,200
https://axg-wealth.com/best-online-casinos-2025-7-000-real-money-sites/,200
https://nira.markus.se/top-online-casino-games-to-gamble-for-real-money-13/,200
http://instantfunds.in/blog/?p=2835,301
https://www.tinidee.com/best-online-casinos-2025-top-100-reviews-16/,200
https://la-dory.com/play-1000-games-with-btc-ltc-bch-at-punt-crypto-10/,200
https://blog.redmawashi.com/2025/04/best-online-casinos-in-south-africa-2025-5/,200
https://www.jurgenvandervelde.com/online-casino-games-for-real-cash-in-south-africa-13/,200
https://reciklaza.org.rs/top-online-casino-games-to-gamble-for-real-money-5/,302
https://ketviettiepchinhhang.com.vn/2025/04/17/best-new-online-casinos-south-africa-2025/,200
https://bikersinsider.com/south-african-online-casinos-list-best-rated-2025-12/,-1
http://australianluxuryliving.com.au/index.php/casino-guru-der-ultimative-leitfaden-der-online-19/,200
https://ironroller.com.mx/top-online-casinos-canada-in-2025-for-real-money-3/,404
https://saytrees.parishkaar.com/2025/04/17/best-online-casinos-in-south-africa-updated-april-13/,200
https://ameriprosautobody.com/news/best-new-online-casinos-south-africa-2025-3/,200
https://buyerbewarecarinspections.com/2025/04/17/online-casino-games-2025-play-south-african-casino-6/,404
https://cbsejanta.com/online-casino-games-2025-play-south-african-casino-4/,200
http://brooks.e-strona.pl/best-online-casinos-2025-top-100-reviews-11/,200
http://test3.itbezgranits.ru/2025/04/17/trusted-online-casino-4/,-1
https://smartkey.com.my/2025/04/17/best-new-online-casinos-south-africa-2025-2/,200
https://prevoyance.rebillon.fr/communication/actualites/best-online-casinos-australia-top-aussie-real-10/,200
https://sub3.aweomenal.com/free-welcome-bonus-no-deposit-required-real-money-6/,200
https://zdrowy-catering.pl/play-1000-games-with-btc-ltc-bch-at-punt-crypto-13/,404
https://aviationconcepts.com/best-online-casinos-in-south-africa-updated-april-9/,200
https://digital.gouv.tg/2025/04/17/goldrush-online-casino-south-africa-real-money-10/,200
https://garage-et-location-lafrancaise.com/online-casino-games-for-real-cash-in-south-africa-8/,403
https://samra.sa/best-online-casinos-in-south-africa-2025-2/,200
https://softsqtest.lms.weonlite.com/south-african-online-casinos-list-best-rated-2025-14,404
https://kringelholt.dk/2025/04/17/free-welcome-bonus-no-deposit-required-real-money-12/,200
https://www.perfectsas.com/2025/04/17/casino-guru-der-ultimative-leitfaden-der-online-14/,200
https://esrvn.com/?p=3562,200
https://nuoicaytebao.vn/news/free-welcome-bonus-no-deposit-required-real-money/,-1
https://www.sukisushi.es/goldrush-online-casino-south-africa-real-money-16/,200
https://digiinfomedia.online/goldrush-online-casino-south-africa-real-money-20/,200
https://observatorio.fecomerciorn.com.br/best-online-casinos-2025-7-000-real-money-sites-8/,200
https://chopablanca.ma/best-real-money-online-casinos-2025-5/,403
https://maisfoco.ao/best-online-casinos-2025-top-100-reviews-7/,200
https://winnersafrica.com/top-online-casinos-canada-in-2025-for-real-money-2,200
https://simondigital.ir/best-online-casinos-in-south-africa-updated-april-2/,404
https://www.aff-engineering.com/2025/04/17/top-online-casinos-canada-in-2025-for-real-money-5/,200
https://atlaas.nl/archives/31956,200
https://sde.co.id/?p=47533,200
https://oncospecialist.com/best-online-casinos-2025-7-000-real-money-sites-3/,200
https://www.chonlateeinnovation.com/top-10-online-casino-real-money-sites-in-the-usa-7/,200
https://threesixtypainting.co.nz/best-online-casinos-in-south-africa-updated-april-4/,200
https://kunden-erfahrungen.com/top-online-casinos-canada-in-2025-for-real-money-7/,200
https://lemtoft.dk/best-online-casinos-south-africa-2025-top-casino-6/,200
https://cdcare.it/best-real-money-online-casinos-2025/,200
http://neill.woobi.co.kr/wordpress/?p=2303,200
https://doz.ma/best-real-money-online-casinos-2025-13/,403
https://monteur.rawa-web.de/top-online-casino-games-to-gamble-for-real-money-11/,200
https://dlumi.vn/best-online-casinos-australia-top-aussie-real-9/,200
https://studiomariottimontagnani.it/2025/04/17/top-10-online-casino-real-money-sites-in-the-usa-4/,200
https://vinayakngo.co.in/2025/04/17/best-online-casinos-2025-top-100-reviews-3/,200
https://www.brasseriebas.fr/south-african-online-casinos-list-best-rated-2025-5/,200
https://elaag.com.ss/best-real-money-casinos-online-casinos-that-pay-3/,200
https://dev.lagostekne.it/best-online-casinos-2025-top-100-reviews-4/,200
https://www.rautenexpress.de/2025/04/17/best-online-casinos-in-south-africa-updated-april-5/,200
https://www.letspushplugin.com/online-casino-south-africa-get-an-r11-500-welcome-7/,200
https://www.mfsvizedanismanlik.com.tr/online-casino-games-for-real-cash-in-south-africa-9/,403
https://alexsport.vn/2025/04/17/online-casino-south-africa-get-an-r11-500-welcome-2/,200
https://www.rotwild-spessart-nord.de/2025/04/17/online-casino-games-for-real-cash-in-south-africa/,200
https://copterjet.com.ng/trusted-online-casino/,200
https://www.maryamhooshmand.ir/2025/04/17/online-casino-south-africa-get-an-r11-500-welcome/,200
https://aweomenal.com/top-10-online-casino-real-money-sites-in-the-usa/,200
https://www.hosseinkala.ir/2025/04/17/best-real-money-casinos-online-casinos-that-pay-9/,200
https://fdcsa.com.au/best-online-casinos-in-south-africa-updated-april-7/,200
https://www.fleshandseed.com/best-online-casinos-australia-top-aussie-real-7/,200
https://www.crafty-labs.com/best-online-casinos-2025-top-100-reviews-15/,200
https://www.doctorgoker.com/free-welcome-bonus-no-deposit-required-real-money-9/,200
https://www.johnpiplastics.com/2025/04/17/south-african-online-casinos-list-best-rated-2025-11/,200
https://www.eaurel.fr/wordpress/2025/04/17/online-casino-games-2025-play-south-african-casino-10/,200
https://copyright.tkrgroup.kz/2025/04/17/best-online-casinos-in-south-africa-2025-13/,200
https://www.dsach.style/best-online-casinos-in-south-africa-2025-12/,200
https://www.evergreenbusinessfunding.com/online-casino-games-2025-play-south-african-casino-11/,403
https://firstchoicepavingandmasonry.com/?p=73665,500
https://15congreso.alatinoamericana-naf.com/2025/04/17/best-online-casinos-in-south-africa-top-rating-4/,200
https://anooshe.com/141472/top-online-casino-games-to-gamble-for-real-money-6/,200
https://anamuli.com/2025/04/17/south-african-online-casinos-list-best-rated-2025-7/,403
https://app.allstarteams.com/best-new-online-casinos-south-africa-2025-5/,-1
https://aibuyin.com/online-casino-games-for-real-cash-in-south-africa-10/,200
https://skranaenterprisespvt.ltd/best-online-casinos-2025-top-100-reviews-9/,200
https://650.wieruszow.pl/casino-guru-der-ultimative-leitfaden-der-online-3/,200
https://staging.sasoccermag.co.za/news/top-online-casinos-canada-in-2025-for-real-money/,200
https://coderland.net/wordpress/index.php/2025/04/17/trusted-online-casino-2/,403
https://30movie.ir/free-welcome-bonus-no-deposit-required-real-money-2/,200
https://maithaofood.com/online-casino-south-africa-get-an-r11-500-welcome-4/,403
http://rsdb.ro/online-casino-games-for-real-cash-in-south-africa-2/,200
https://hoteldivyalok.online/2025/04/17/best-real-money-online-casinos-2025-9/,200
https://golvarmoharekeh.com/2025/04/17/best-online-casinos-australia-top-aussie-real-5/,500
https://stage.cgfwd.com/top-online-casino-games-to-gamble-for-real-money-7/,200
https://honorandconnection.com/casino-guru-der-ultimative-leitfaden-der-online-12/,403
https://splendvie.com/play-1000-games-with-btc-ltc-bch-at-punt-crypto-7/,200
https://slimladies.revivehub.com.ng/2025/04/17/top-online-casino-games-to-gamble-for-real-money-8/,200
https://jenngraves.dev/?p=1264,200
https://kymbatbazelkhankyzy.kz/play-1000-games-with-btc-ltc-bch-at-punt-crypto-2/,200
https://holylegal.com/goldrush-online-casino-south-africa-real-money-4/,200
https://lk.staritsa.ru/top-10-online-casino-real-money-sites-in-the-usa-3/,200
https://nuituong.com/online-casino-games-for-real-cash-in-south-africa-7/,200
https://staging.practicalspirituallife.org/online-casino-games-2025-play-south-african-casino-2/,200
https://semai.intactagro.com.bd/best-online-casinos-australia-top-aussie-real/,-1
https://eyebrowheaven.com/online-casino-games-2025-play-south-african-casino-12/,200
https://ecoleislamique-yayeaicha.com/index.php/2025/04/17/10-best-online-casinos-for-real-money-april-2025-7/,200
https://erp.ukehub.co.uk/top-10-online-casino-real-money-sites-in-the-usa-9/,200
https://diamondcookwares.com/2025/04/17/top-10-online-casino-real-money-sites-in-the-usa-10/,200
https://www.magistralpress.ro/best-online-casinos-in-south-africa-top-rating-13/,200
https://respuestaverde.com/2025/04/17/online-casino-games-for-real-cash-in-south-africa-21/,200
https://sinisa.rs/?p=9572,404
https://shydans.com/best-online-casinos-2025-top-100-reviews-17/,200
https://corecodez.com/?p=133929,200
http://cargrade.evelgraph.com/news/goldrush-online-casino-south-africa-real-money-9/,200
https://globaltaxpap.gr/south-african-online-casinos-list-best-rated-2025-6/,403
https://novlist.mk/top-online-casino-games-to-gamble-for-real-money/,200
https://iblt-university.org/wordpress/2025/04/17/goldrush-online-casino-south-africa-real-money/,200
https://drsahudentalcare.co.in/best-online-casinos-in-south-africa-updated-april/,200
http://fairway-accounting.com/?p=97486,200
https://leisure-enterprises.com/best-online-casinos-in-south-africa-top-rating-5/,200
https://cupa.co.ke/best-online-casinos-2025-7-000-real-money-sites-4/,404
https://skyfiber.com.pk/casino-guru-der-ultimative-leitfaden-der-online-6/,200
https://privateproperty.pt/play-1000-games-with-btc-ltc-bch-at-punt-crypto/,-1
https://bonoraristorante.it/2025/04/17/south-african-online-casinos-list-best-rated-2025-10/,200
https://victory.org.my/news/goldrush-online-casino-south-africa-real-money-5,200
https://assurfood.be/online-casino-south-africa-get-an-r11-500-welcome-5/,-1
https://teschile.net/?p=211590,200
http://collinsboulevard.com/best-online-casinos-in-south-africa-top-rating-12/,200
https://wartareview.com/best-online-casinos-in-south-africa-updated-april-10/,200
https://thendurance.in/index.php/2025/04/17/best-real-money-online-casinos-2025-12/,200
https://suhaninsaat.com/2025/04/17/trusted-online-casino-7/,200
https://sema.com.ly/online-casino-games-2025-play-south-african-casino-9/,200
https://sylviabrandes.com/best-online-casinos-in-south-africa-top-rating-9/,200
https://consultoriamz.com/best-online-casinos-2025-top-100-reviews-8/,200
https://devmaksanmakina.com/best-online-casinos-in-south-africa-updated-april-8/,200
https://lion-fast.simple.weon.website/casino-guru-der-ultimative-leitfaden-der-online-13/,404
https://sev-plus.com/top-online-casinos-canada-in-2025-for-real-money-4/,200
https://moroccoruraladventures.com/best-online-casinos-in-south-africa-updated-april-11/,200
https://dunglinhmobile.com/10-best-online-casinos-for-real-money-april-2025-3/,200
https://federacaocrp.org.cv/best-online-casinos-2025-7-000-real-money-sites/,200
https://aielec.pcru.ac.th/online-casino-games-for-real-cash-in-south-africa/,200
https://staging.leohamel.com/best-online-casinos-in-south-africa-top-rating/,404
https://nccdn.org/best-real-money-casinos-online-casinos-that-pay/,200
https://digipet.hadf.ir/best-real-money-online-casinos-2025/,200
https://www.oti.az/south-african-online-casinos-list-best-rated-2025/,200
https://tfs-sarl.ch/top-online-casinos-canada-in-2025-for-real-money/,403
https://ministeps.org/2025/04/17/online-casino-south-africa-get-an-r11-500-welcome-2/,200
https://www.gt.com.pl/best-online-casinos-in-south-africa-2025/,200
https://dbaxe.com/agency/trusted-online-casino-3/,403
https://modeez.de/best-online-casinos-2025-top-100-reviews/,200
https://news.socioon.com/best-online-casinos-2025-top-100-reviews-2/,200
https://garammasalaedmonton.com/best-online-casinos-2025-7-000-real-money-sites-4/,200
https://old.tesora.fund/2025/04/17/best-online-casinos-in-south-africa-2025-2/,200
http://iching.woobi.co.kr/casino-guru-der-ultimative-leitfaden-der-online/,200
https://kiek.wedenkenaanje.nl/uncategorized/top-online-casino-games-to-gamble-for-real-money/,200
https://krincel.colourann.com/2025/04/17/top-10-online-casino-real-money-sites-in-the-usa-4/,200
https://www.ozoneinfomedia.com/top-10-online-casino-real-money-sites-in-the-usa/,-1
https://ihcteneng-usa.com/free-welcome-bonus-no-deposit-required-real-money/,200
https://ceide.org/online-casino-games-for-real-cash-in-south-africa-2/,200
https://arcutcement.com/best-online-casinos-in-south-africa-top-rating-3/,403
https://fr.test.theringfinders.com/blog/Admin/2025/04/free-bonus-deposit-required-real-money-5/,200
https://www.saboreschiriqui.com/2025/04/17/online-casino-games-for-real-cash-in-south-africa/,200
http://mylearn.woobi.co.kr/index.php/2025/04/17/best-online-casinos-in-south-africa-updated-april/,200
https://www.paktiles.net/10-best-online-casinos-for-real-money-april-2025/,412
http://www.contabiljl.com.br/play-1000-games-with-btc-ltc-bch-at-punt-crypto/,200
https://londonbridge.club/best-new-online-casinos-south-africa-2025-3/,405
http://jitao.vip/index.php/2025/04/17/best-online-casinos-australia-top-aussie-real/,200
https://brunet.brefconcept.com/best-real-money-casinos-online-casinos-that-pay-2/,-1
http://www.evergoldcs.com/best-online-casinos-south-africa-2025-top-casino/,200
https://embodyyourdivinity.com/2025/04/17/best-real-money-online-casinos-2025/,200
https://adslane.lk/best-online-casinos-2025-7-000-real-money-sites-3/,200
https://aio.manzeraayenna.com/2025/04/17/top-10-online-casino-real-money-sites-in-the-usa-2/,404
https://drghazalabutt.com/free-welcome-bonus-no-deposit-required-real-money-3/,200
http://momo0o0o.woobi.co.kr/?p=20601,200
https://www.openflightmaps.org/2025/04/17/free-welcome-bonus-no-deposit-required-real-money-6/,200
https://gloko.in/best-online-casinos-in-south-africa-top-rating/,-1
https://www.newblond.com.tr/goldrush-online-casino-south-africa-real-money-3/,200
https://educationexperts.eu/online-casino-south-africa-get-an-r11-500-welcome/,200
https://msbspices.com/best-real-money-casinos-online-casinos-that-pay-3/,200
https://luxurycarimportexpert.com/free-welcome-bonus-no-deposit-required-real-money-4/,200
https://kotowicz.waw.pl/10-best-online-casinos-for-real-money-april-2025-2/,200
https://www.multisystemtechnologies.com/news/best-online-casinos-2025-7-000-real-money-sites-2/,200
https://miamigo.rhino-solutions.net/?p=135425,200
https://medialogistik.online/free-welcome-bonus-no-deposit-required-real-money-2/,200
https://feadanismanlik.com/2025/04/17/best-new-online-casinos-south-africa-2025/,200
https://onasshomes.quantumwebpro.com/best-online-casinos-in-south-africa-top-rating-2/,509
https://www.hansartservices.com/2025/04/17/trusted-online-casino/,200
https://securityboxcompany.com/2025/04/17/best-real-money-casinos-online-casinos-that-pay/,200
http://fa.deltasos.ir/?p=48926,200
https://staging.beautifulpeps.com/2025/04/17/top-10-online-casino-real-money-sites-in-the-usa-3/,200
https://www.jatioarthonitee.com/online-casino-south-africa-get-an-r11-500-welcome/,200
https://cip.softxpertdev.com/blog/online-casino-south-africa-get-an-r11-500-welcome-2/,200
https://comedyhigh-new.dreamsites.io/2025/04/17/best-online-casinos-south-africa-2025-top-casino/,200
https://projectfavela.com/2025/04/17/top-10-online-casino-real-money-sites-in-the-usa/,200
https://www.amigoschasquis.clubloschasquis.com/2025/04/17/top-online-casino-games-to-gamble-for-real-money/,200
https://starmarkps.com/2025/04/17/best-online-casinos-in-south-africa-updated-april/,200
https://eldekahealth.net/2025/04/17/play-1000-games-with-btc-ltc-bch-at-punt-crypto/,200
https://www.worldmovingbolivia.com/2025/04/17/10-best-online-casinos-for-real-money-april-2025-2/,200
https://bqrc.org/2025/04/17/best-online-casinos-australia-top-aussie-real-2/,200
https://shilohinnhotels.com/blog/2025/04/17/best-new-online-casinos-south-africa-2025-2/,200
https://www.geodatum.com.mx/best-online-casinos-australia-top-aussie-real/,404
https://wp12-c13427-1.educpda.fr/top-10-online-casino-real-money-sites-in-the-usa/,200
https://plaridge.com/online-casino-games-2025-play-south-african-casino/,200
https://ptfireandsecurityonline.co.za/2025/04/17/play-1000-games-with-btc-ltc-bch-at-punt-crypto-2/,200
https://biporosenheim.bildungsloesungen.com/top-online-casino-games-to-gamble-for-real-money-2/,200
https://www.donatofumarola.com/top-online-casino-games-to-gamble-for-real-money/,200
https://ifath.dafe1.site/casino-guru-der-ultimative-leitfaden-der-online/,-1
http://demo.phytorion.com/goldrush-online-casino-south-africa-real-money/,200
https://ncrtaxiservice.com/best-online-casinos-in-south-africa-updated-april-2/,-1
https://chat.westerwaldherzen.de/2025/04/17/best-real-money-online-casinos-2025/,200
https://samokat.pimc.spb.ru/onlajn-kafe/best-real-money-online-casinos-2025-2/,200
https://caycanhthiennhan.com/best-online-casinos-in-south-africa-updated-april/,200
https://amazon-ebooks.ir/2025/04/17/top-online-casinos-canada-in-2025-for-real-money/,200
https://inmetal.com.br/south-african-online-casinos-list-best-rated-2025/,-1
https://xn--12cacvb1pma4c0b3jmdh.com/best-new-online-casinos-south-africa-2025/,200
https://grosmots.quai13.fr/best-online-casinos-2025-top-100-reviews/,200
https://tablet2015.wpengine.com/scroll/388508/online-casino-games-for-real-cash-in-south-africa,403
https://stipt.com/best-bingo-casino-guide-for-south-africa-play-win-2/,200
https://lifelongstories.com/top-10-online-casino-real-money-sites-in-the-usa/,-1
https://earlypakistan.com/live-casino-in-south-africa-real-time-gaming-in-2/,-1
https://nmts.unma.go.ug/online-blackjack-real-money-casinos-live/,-1
https://carrfiltri.red-cell.tech/south-african-online-casinos-list-best-rated-2025/,200
https://kollegi-deutsch.ch/archive/99129,200
https://www.alterasolutions.com/online-casino-south-africa-get-an-r11-500-welcome-2/,403
https://betogaizin.jp/play-1000-games-with-btc-ltc-bch-at-punt-crypto/,200
http://kwikkodersllp.com/?p=75572,-1
https://magroup.pk/the-best-games-to-play-live-in-2025-2/,200
https://harani.in/blog/play-at-the-best-live-casino-in-south-africa/,-1
https://finalpassdown.com/goldrush-online-casino-south-africa-real-money/,200
https://webroot.securedjapan.jp/?p=3106,200
https://dreamscape.com.pk/2025/04/17/best-real-money-online-casinos-2025/,404
https://thriftsaleshub.com/best-online-casinos-in-south-africa-top-rating/,200
https://yeswecan.lk/live-casino-south-africa-2025-ultimate-guide-for/,200
https://www.tunihuile.com/live-casinos-1-live-casino-sites-bonuses-games/,-1
https://merve.web.tr/2025/04/17/top-10-online-casino-real-money-sites-in-the-usa-2/,200
https://prosolarconsultants.com/best-live-casino-games-evolution-games-3/,200
https://orders.illustrasolutions.com/top-online-casinos-canada-in-2025-for-real-money/,404
https://itiac.mx/2025/04/17/best-live-casino-games-evolution-games/,200
https://xn--m3cbp0adb4cva5bee03a.com/2025/04/17/play-1000-games-with-btc-ltc-bch-at-punt-crypto-2/,200
https://nexusglobal.wpengine.com/10-best-real-money-online-casinos-for-usa-players/,403
https://game.millecrepestudios.com/live-casino-live-dealer-games/,200
https://www.mapleleafhotels.co.in/?p=258594,500
http://pymesmisiones.ademi.org.ar/2025/04/17/best-live-casinos-in-the-us-2025/,200
https://alianzafpdualsbox.develoop.net/best-live-casinos-2025-play-for-real-money-in/,200
https://gk.opus-international.fr/slots/,200
https://i9k.03b.myftpupload.com/online-casino-south-africa-get-an-r11-500-welcome/,200
https://notohara-dc-com.sakura.ne.jp/2025/04/17/live-casino-in-south-africa-real-time-gaming-in/,200
http://staging.resellerme.com/news/play-at-the-best-live-casino-in-south-africa/,200
https://staging3.dev.gibbs.no/2025/04/slots-table-games-poker-entertainment/,404
https://xn--42cga4czah6db4dhzd6bde7g.com/10-best-live-roulette-casinos-for-real-money-in/,200
https://nivata.shop/news/casino-gaming/,200
https://www.advant.co.za/live-casino-lemon-play-live-casino-games-online/,200
https://www.nutritionniste-annemasse.fr/best-live-casinos-online-april-2025-live-dealers/,403
http://empathy4equity.com/2025/04/17/10-best-real-money-online-casinos-for-usa-players/,200
http://caothanh11.einfo.vn/the-reason-behind-the-increasing-popularity-of/,200
https://itself.kauko.lt/play-live-casino-games-and-slot-games-at-betway/,200
https://elcotechdev.wpengine.com/live-casino-live-dealer-games/,403
https://www.nibavlifts.com.au/ec-launch/2025/04/18/top-10-casino-gambling-sites-for-real-money-in-the-3/,404
https://en.lomalock.vn/best-live-casino-games-evolution-games-2/,200
https://tarbiya.fr/2025/04/18/play-at-the-best-live-casinos-in-south-africa/,200
https://intersel.com/best-live-casino-games-evolution-games/,200
http://www.sante.gov.mg/ministere-sante-publique/2025/04/18/online-casino-south-africa-get-an-r11-500-welcome/,404
http://ie.pit.ac.th/?p=20747,200
https://slkade.lk/live-casino-lemon-play-live-casino-games-online-2/,200
https://rbbv.com.br/2025/04/18/live-casinos-1-live-casino-sites-bonuses-games/,200
https://onedigitalsl.com/2025/04/18/play-at-the-best-live-casinos-in-south-africa-2/,200
http://akumulatorite.org/live-casino-live-dealer-games/,200
https://homeway.co.in/news/online-blackjack-real-money-casinos-live-2/,200
https://webtv.ankara.edu.tr/online-casino-south-africa-get-an-r11-500-welcome-3.html,200
https://foremedia.tv/top-10-casino-gambling-sites-for-real-money-in-the/,200
https://targettlc.com/2025/04/18/live-casino-lemon-play-live-casino-games-online/,200
https://woodlandsanimalrescue.com/online-casino-south-africa-get-an-r11-500-welcome-2/,200
https://epsilon-conseil.fr/2025/04/18/the-best-games-to-play-live-in-2025,200
https://www.giornalespiffero.it/online-blackjack-real-money-casinos-live-3/,200
https://itmoney.co.th/2025/04/18/best-live-casinos-live-dealer-casinos-south-africa/,200
https://serrurieraga.com/2025/04/18/online-blackjack-real-money-casinos-live-4/,404
https://xuatkhaulaodong.pro/live-casinos-1-live-casino-sites-bonuses-games/,200
https://www.mikas.shop/best-live-casinos-2025-play-for-real-money-in-2/,200
https://ecad.pucv.cl/2025/04/18/live-casino-south-africa-2025-ultimate-guide-for/,-1
https://www.nowhereswolf.com/2025/04/17/promotions-live-casino-hotel-maryland/,403
https://jaymewes.com/online-blackjack-real-money-casinos-live-3/,200
https://klimasember.hu/2025/04/18/online-blackjack-real-money-casinos-live-2/,200
https://www.alumnisua.sua.ac.tz/best-live-casinos-in-the-us-2025/,500
https://bellevuehotel.de/online-blackjack-real-money-casinos-live,200
https://capitalkfm.co.zw/index.php/2025/04/18/live-games-online-available-in-south-africa/,200
https://jppholdings.com/online-casino-south-africa-get-an-r11-500-welcome/,200
http://konstrukcionsbiro.mk/10-best-live-roulette-casinos-for-real-money-in/,404
https://vanoverveld.be/slots/,403
https://groupstoneinv.com/2025/04/18/live-casino-in-south-africa-real-time-gaming-in/,200
https://serignan-loisirs.fr/play-at-the-best-live-casinos-in-south-africa-3,200
https://fusionengineering.co.uk/10-best-live-roulette-casinos-for-real-money-in/,200
https://xuhuonglamdep.vn/promotions-live-casino-hotel-maryland.html,200
https://youth.forwardtogetherco.com/play-at-the-best-live-casinos-in-south-africa/,403
https://rbled.eu/slots-3/,-1
https://ndimar.com.tr/promotions-live-casino-hotel-maryland-2/,200
https://mrchoops.org/live-casino-online-best-live-casinos-south-africa-2/,403
https://pureandfinecosmetics.com/best-sign-up-bonuses/,403
https://www.astcrm.com/best-bingo-casino-guide-for-south-africa-play-win/,200
https://wphosting.in/online-blackjack-real-money-casinos-live/,-1
https://revista.cadranpolitic.ro/live-dealer-casinos-live-casino-in-south-africa/,200
https://superformusa.com/live-casino-south-africa-2025-ultimate-guide-for/,302
http://henryjamesgroup.uk/2025/04/18/play-at-the-best-live-casino-in-south-africa/,200
https://www.dcsr.edu.ph/2025/04/18/live-casinos-1-live-casino-sites-bonuses-games-2/,200
https://texy.partners/play-at-the-best-live-casinos-in-south-africa-2/,200
https://rkglobals.com/live-casino-online-best-live-casinos-south-africa/,404
https://sbp.edu.in/10-best-real-money-online-casinos-for-usa-players/,404
http://www.tyxzdjx.com/archives/18919,200
https://www.leon-application.com/live-casinos-1-live-casino-sites-bonuses-games/,404
https://online.restaurantdewaterput.be/2025/04/18/10-best-real-money-online-casinos-for-usa-players/,200
https://sandaiphuc.com/live-casino-south-africa-2025-ultimate-guide-for-2/,403
https://www.hv-mk.nl/news/best-live-casinos-2025-play-for-real-money-in/,200
https://ofituria.com/best-live-casinos-live-dealer-casinos-south-africa/,200
https://salima.com.au/2025/04/18/live-casino-south-africa-2025-ultimate-guide-for/,-1
https://www.keysensing.com/index.php/2025/04/18/10-best-live-roulette-casinos-for-real-money-in/,200
https://losbomberay.com/top-10-casino-gambling-sites-for-real-money-in-the/,200
https://genx1.id/2025/04/18/promotions-live-casino-hotel-maryland/,200
https://nidaemba.com/best-sign-up-bonuses/,200
https://bingolxhaber.com/best-live-casinos-2025-play-for-real-money-in-2/,200
https://rightsoflightsurveyors.co.uk/live-casino-live-dealer-games/,-1
https://aladdincommerce.co.id/news/the-best-games-to-play-live-in-2025/,200
https://alcyatirimkim.com/10-best-live-roulette-casinos-for-real-money-in-2/,-1
https://firesdespinelves.cat/best-bingo-casino-guide-for-south-africa-play-win,200
https://icl.ly/best-live-casinos-2025-play-for-real-money-in/,200
https://armedicare.org/live-casino-south-africa-2025-ultimate-guide-for/,200
https://www.repealfatca.com/best-live-casinos-online-april-2025-live-dealers/,200
https://firewall-en.uptozion.org/2025/04/18/online-casino-south-africa-get-an-r11-500-welcome-2/,200
https://romtranslations.be/best-live-casinos-live-dealer-casinos-south-africa/,200
http://enerag.elte.hu/index.php/2025/04/18/live-casino-lemon-play-live-casino-games-online/,200
https://proveedores24.com/10-best-real-money-online-casinos-for-usa-players/,200
https://laptec.com.ar/blog/the-best-games-to-play-live-in-2025/,200
https://sloep5.nl/?p=79357,503
https://sundaymover.ca/10-best-live-roulette-casinos-for-real-money-in/,500
https://quickhost.in/index.php/2025/04/18/online-casino-south-africa-get-an-r11-500-welcome/,200
https://kensaf.com/slots-table-games-poker-entertainment/,526
https://eigloriafuerteslacisterniga.es/live-dealer-casinos-live-casino-in-south-africa-2/,200
https://www.insurehealthnow.com/live-casinos-1-live-casino-sites-bonuses-games/,200
https://www.vcivictory.com/play-live-casino-games-and-slot-games-at-betway-2/,200
https://shovapower.com/play-live-casino-games-and-slot-games-at-betway/,404
https://researchweek.uonbi.ac.ke/index.php/2025/04/18/live-dealer-casinos-live-casino-in-south-africa/,200
https://oldformare.upsc.md/online-casino-south-africa-get-an-r11-500-welcome-3/,200
https://uniformplus.ps/live-casino-live-dealer-games/,200
https://entredulcessabores.com/live-casino-lemon-play-live-casino-games-online/,200
https://arcutcement.com/top-10-online-roulette-sites-for-real-money-play-2/,403
https://news.socioon.com/top-free-casino-games-2025-play-the-best-online/,200
https://adslane.lk/best-casino-table-games-to-play-online-for-real/,200
https://brunet.brefconcept.com/top-usa-casinos-2024-best-online-casinos-for-us-2/,200
https://tfs-sarl.ch/10-best-online-casino-apps-that-pay-real-money-apr-2/,403
https://info.news-kmv.ru/?p=132713,200
https://jobs.northwest.education/10-best-live-casinos-to-play-for-real-money-online/,404
https://www.openflightmaps.org/2025/04/17/top-online-slots-for-real-money-10-best-casino/,200
https://spa.googleadsvietnam.com/best-casino-games-online-that-pay-real-money-with-2/,200
https://ceide.org/best-casino-games-online-that-pay-real-money-with/,200
https://londonbridge.club/top-online-casino-games-to-play-and-win-real-money/,405
https://wp22-c12312-17.btsndrc.ac/best-online-slots-for-real-money-top-5-slot-games-3/,500
https://shopleluong.io.vn/usa-online-casinos-list-apr-2025-all-legal-us-2/,-1
https://www.ariyo.co.jp/10-best-new-online-casinos-for-real-money-play-in-2/,200
https://aussiescheapsmoke.com/top-mobile-online-casinos-for-real-money-in-2025/,-1
https://feadanismanlik.com/2025/04/17/best-casino-apps-for-2025/,200
https://amfavoured.com/best-mobile-casino-sites-with-bonuses-to-consider/,200
https://ecovic.net/casino-android-apps-on-google-play/,200
https://www.kocaelicilingir41.com/play-at-top-10-slots-online-for-real-money-casinos-4.html,-1
https://koratbattery.com/best-mobile-casino-apps-april-2025-mobile-casinos/,200
https://premieretoursandtravels.in/top-real-money-casino-apps-for-2025-10-best-online/,200
https://www.chxpressfitness.com/news/best-mobile-casinos-canada-2025-top-mobile-sites/,200
https://anvis.ca/2025/04/17/best-mobile-phone-casinos-2025-2/,200
http://www.homiegroup.com.au/play-at-top-10-slots-online-for-real-money-casinos-3/,200
https://comstitched.com/best-real-money-online-casinos-for-us-players-2025-2/,200
https://fb.snsmodoo.com/top-ny-online-casinos-for-2025-best-new-york/,-1
https://staging3.dev.gibbs.no/2025/04/10-best-real-money-online-casinos-for-usa-players-2/,404
https://itself.kauko.lt/top-sites-for-2025-2/,200
https://elcotechdev.wpengine.com/your-trusted-guide-to-american-online-casinos-3/,403
https://tablet2015.wpengine.com/scroll/388624/top-10-casino-gambling-sites-for-real-money-in-the-3,403
https://www.spwireproducts.com/top-10-online-casino-real-money-sites-in-the-usa-6/,200
https://goldrushdev.wpengine.com/best-online-casino-sites-expertly-reviewed-top-3/,403
https://cl109619.tmweb.ru/news/best-online-casino-sites-expertly-reviewed-top-4/,200
http://ictskills.eg/2025/04/17/top-10-gambling-casinos-usa-to-play-for-real-money-5/,200
https://sppp.socsci.uva.nl/archives/758361,200
https://ben.novas.sg/10-best-online-casinos-in-the-us-2025-4/,200
https://inmetal.com.br/10-best-online-casino-real-money-sites-in-usa-for-5/,200
https://alianzafpdualsbox.develoop.net/online-casino-real-money-usa-best-10-in-2025-3/,200
http://mission3w.youngnak.net/2025/04/18/10-best-online-casinos-and-gambling-sites-2025-2/,200
https://notohara-dc-com.sakura.ne.jp/2025/04/18/new-real-money-online-casinos-in-nj-nj-com-3/,200
https://i9k.03b.myftpupload.com/top-sites-for-2025-3/,200
https://nexusglobal.wpengine.com/arizona-online-gambling-sites-2025-az-casinos/,403
http://club360academy.com/best-online-casinos-in-usa-top-casino-sites-for/,301
https://gk.opus-international.fr/safe-online-casinos-2025-trusted-us-online-casino-2/,200
https://grosmots.quai13.fr/best-online-casinos-in-the-us-licensed-casino-2/,200
https://r59.d13.myftpupload.com/2025/04/10-best-online-casinos-for-real-money-april-2025-2/,200
https://traveljunkies.wpengine.com/10-best-new-online-casinos-for-real-money-play-in-4/,403
https://projectfavela.com/2025/04/17/no-deposit-bonus-codes-2025/,200
https://merve.web.tr/2025/04/17/78-new-no-deposit-bonus-codes-for-apr-2025-updated/,200
https://www.kanghanrak.net/news/no-deposit-bonus-sportsbooks-casinos-2025-sign-up-2/,200
https://www.jatioarthonitee.com/latest-uk-no-deposit-bonuses-2025-get-10-free-3/,200
https://demo.atrekhalafi.ir/latest-uk-no-deposit-bonuses-2025-get-10-free-2/,200
https://www.lifecellskin.us/news/best-no-deposit-bonuses-2025/,404
http://www.sucarpinteria.com/no-deposit-bonuses-for-australia-90-casino-offers-3/,200
https://anim8.toreview.website/news/10-best-online-casino-real-money-sites-in-usa-for-4/,200
https://amazon-ebooks.ir/2025/04/17/your-trusted-guide-to-american-online-casinos/,200
https://cp.pushdesign.net/no-deposit-casino-bonus-free-real-money-sign-up-3/,200
https://www.migrationandinvestment.com/best-no-deposit-bonuses-2025-5/,200
http://www.eurosport-bcn.com/best-online-casinos-in-2025-real-money-sites/,200
http://www.carbossonline.com/10-best-online-casinos-in-the-us-2025/,200
https://wp12-c13427-1.educpda.fr/best-free-chip-bonuses-play-risk-free-and-win-real-6/,200
https://sasan.salimi.info/?p=9561,200
https://todorov.snc.rs/index.php/2025/04/17/online-casino-no-deposit-bonus-codes-for-us-2/,200
http://adgujju.in/2025/04/17/no-deposit-bonus-codes-2025-4/,404
http://empathy4equity.com/2025/04/17/free-welcome-bonus-no-deposit-required-real-money-4/,200
http://portal.tomintech.ru/best-no-deposit-bonuses-at-nz-casinos-in-april-2/,200
https://www.markatmedia.rs/2025/04/17/best-online-casino-sites-expertly-reviewed-top/,200
https://lakshaa.com/forex-no-deposit-bonus-2025-for-april-updated-list-6/,200
https://itiac.mx/2025/04/17/10-best-online-casinos-in-the-us-2025-3/,200
https://comedyhigh-new.dreamsites.io/2025/04/17/best-free-spins-no-deposit-casinos-us-april-2025/,200
http://caothanh11.einfo.vn/best-real-money-casinos-online-casinos-that-pay-4/,200
https://es.austinserio.com/latest-uk-no-deposit-bonuses-2025-get-10-free-4/,200
https://bqrc.org/2025/04/17/free-welcome-bonus-no-deposit-required-real-money-3/,200
https://chenle.vn/your-trusted-guide-to-american-online-casinos-2/,200
https://palcoprepago.com/2025/04/17/no-deposit-casino-bonuses-us-april-2025-4/,200
https://staging.disruptivenews.io/california-online-gambling-2025-casinos-sports/,200
https://www.skanrf.org/2025/04/17/online-casino-no-deposit-bonus-codes-for-us-4/,200
https://kiengiangsolar.com/best-real-money-casinos-online-casinos-that-pay-3/,-1
https://www.golocalads.com/no-deposit-bonuses-for-australia-90-casino-offers-7/,200
https://sales.simple-tools.de/index.php/2025/04/17/no-deposit-casino-bonuses-us-april-2025-3/,-1
https://ptfireandsecurityonline.co.za/2025/04/17/forex-no-deposit-bonus-2025-for-april-updated-list-7/,200
https://shilohinnhotels.com/blog/2025/04/17/the-best-no-deposit-bonus-codes-april-2025-3/,200
https://candidate-full.polipr.com.au/2025/04/17/online-casino-no-deposit-bonus-codes-for-us/,200
https://performersholidayschools.com/news/no-deposit-bonuses-for-australia-90-casino-offers-5/,405
http://shefali.de/best-online-casinos-in-2025-real-money-sites-2/,200
https://api.lougiequisel.com/no-deposit-bonus-2025-the-best-online-casinos-in-3/,200
https://dev.ehouserepair.com/2025/04/17/78-new-no-deposit-bonus-codes-for-apr-2025-updated-2/,200
http://demo.phytorion.com/online-casinos-no-deposit-no-deposit-bonus-codes-7/,200
https://ifath.dafe1.site/best-real-money-online-casino-no-deposit-bonuses-3/,200
https://www.geodatum.com.mx/online-casino-no-deposit-bonus-codes-for-us-3/,-1
https://rockfmcostarica.com/latest-uk-no-deposit-bonuses-2025-get-10-free-5/,200
https://commpass.livemena.dev/online-casinos-no-deposit-no-deposit-bonus-codes-3/,200
https://cip.softxpertdev.com/blog/free-r50-sign-up-bonus-offers/,200
https://ncrtaxiservice.com/uk-no-deposit-bonus-codes-2025-4/,-1
https://alchemy.anna-ulianova.com/the-best-no-deposit-bonus-codes-april-2025/,403
https://www.allsocks.com.ng/no-deposit-bonuses-for-australia-90-casino-offers-6/,302
https://samokat.pimc.spb.ru/onlajn-kafe/best-online-casinos-australia-top-aussie-gambling/,200
https://grocerystore.xintdev.com/?p=129570,200
https://stephassist.fr/online-casino-real-money-usa-best-10-in-2025/,200
https://kingsford-capital.com/best-real-money-online-casino-no-deposit-bonuses.html,200
https://www.scotlandallstrong.com/free-welcome-bonus-no-deposit-required-real-money-2/,200
http://levitelecoms.com/best-free-chip-bonuses-play-risk-free-and-win-real-7/,200
https://www.qtinesomethingelse.com/2025/04/17/uk-no-deposit-bonus-codes-2025-6/,200
https://plaridge.com/online-casinos-no-deposit-no-deposit-bonus-codes-6/,200
http://kethephuyhoang.com/10-best-new-online-casinos-for-real-money-play-in-3.html,200
https://starmarkps.com/2025/04/17/online-casinos-no-deposit-no-deposit-bonus-codes-5/,200
https://www.amigoschasquis.clubloschasquis.com/2025/04/17/best-no-deposit-bonuses-2025-6/,200
https://www.worldmovingbolivia.com/2025/04/17/uk-no-deposit-bonus-codes-2025-5/,200
http://www.geraldica.ru/best-free-chip-bonuses-play-risk-free-and-win-real-2/,403
https://biporosenheim.bildungsloesungen.com/no-deposit-bonus-codes-2025-5/,200
https://prosolarconsultants.com/best-no-deposit-bonuses-2025-3/,200
https://www.arlingtonmachineparts.com/best-mobile-phone-casinos-2025/,200
https://epodhomes.com/index.php/2025/04/17/10-best-online-gambling-sites-and-casinos-in/,200
https://www.hacovia.fr/top-real-money-casino-apps-2025-best-mobile-3/,200
https://aeh.org.et/index.php/2025/04/17/top-online-casino-games-for-real-money-in-2025/,200
https://hazelvegacoach.com/2025/04/17/play-slots-online-for-real-money-usa-top-10-5/,-1
https://www.atkkonut.com/top-free-casino-games-2025-play-the-best-online-2/,200
https://alnameralsaree.com/play-free-casino-games-no-download-or-sign-up-3/,200
https://draatv.store/top-online-casino-games-for-2025-play-win-real-4/,200
https://arkatech-co.ir/10-best-new-online-casinos-for-real-money-play-in/,200
https://appliance.siana-centers.com/2025/04/17/mobile-casino/,200
https://dokan.1als.co.uk/2025/04/17/play-20-000-free-casino-games-demo-casino-for-fun-2/,200
https://staging.beautifulpeps.com/2025/04/17/latest-uk-no-deposit-bonuses-2025-get-10-free/,200
https://onasshomes.quantumwebpro.com/top-ny-online-casinos-for-2025-best-new-york-2/,509
https://securityboxcompany.com/2025/04/17/no-deposit-bonus-casino-canada-2025-win-real-money/,200
https://etechnosole.com/forex-no-deposit-bonus-2025-for-april-updated-list-2/,302
https://martabak88slot.net/no-deposit-casino-bonus-free-real-money-sign-up-2/,404
https://miamigo.rhino-solutions.net/?p=135581,200
https://www.rmtradecenter.com.br/no-deposit-casino-bonuses-us-april-2025/,200
https://www.multisystemtechnologies.com/news/best-mobile-casino-sites-with-bonuses-to-consider-2/,200
https://www.overseasvisaservices.com/online-casinos-no-deposit-no-deposit-bonus-codes-2/,200
https://files.softseekr.com/index.php/2025/04/17/no-deposit-bonuses-for-australia-90-casino-offers/,200
https://www.hansartservices.com/2025/04/17/forex-no-deposit-bonus-2025-for-april-updated-list-4/,200
https://finoservices.in/2025/04/17/top-real-money-casino-apps-2025-best-mobile-5/,200
https://www.newblond.com.tr/ms-house-passes-online-mobile-sports-betting-3/,200
https://mavidesigns.ir/free-welcome-bonus-no-deposit-required-real-money/,-1
http://fa.deltasos.ir/?p=48936,200
https://educationexperts.eu/mobile-casino-online-sports-betting-uk-200-bonus-2/,200
https://magzineunion.online/2025/04/17/new-no-deposit-bonuses-in-the-uk-casinos-april/,200
https://kotowicz.waw.pl/play-at-top-10-slots-online-for-real-money-casinos-5/,200
https://medialogistik.online/top-ny-online-casinos-for-2025-best-new-york-3/,200
https://msbspices.com/mobile-casino-best-mobile-casino-apps-and-sites/,200
https://luxurycarimportexpert.com/best-10-real-money-online-casinos-gambling-sites/,200
https://learnfrombasics.com/top-5-mobile-casinos-2025-best-real-money-gambling/,404
https://krincel.colourann.com/2025/04/17/top-legit-online-casinos-safe-real-money-gaming-3/,200
https://www.saboreschiriqui.com/2025/04/17/win-real-money-at-our-online-casino-play-now/,200
https://dolphinlibya.ly/2025/04/17/blackjack-rules-master-how-to-play-21/,200
https://63.250.35.244/how-to-play-blackjack/,200
https://sila-contracting.com/order-delicious-pizza-fresh-salads-online/,200
https://www.hassan.mazharzahoor.com/play-slots-online-for-real-money-usa-top-10-2/,200
https://afs.flex-film.de/?p=81932,200
https://thriftsaleshub.com/how-to-play-blackjack-for-beginners-rules-strategy-3/,-1
https://gloko.in/online-casino-games-play-for-real-money-or-for-fun/,-1
https://dreamscape.com.pk/2025/04/17/casino-helsinki-kluuvi-helsinki-uusimaa-3/,404
https://fitnessacademyeurope.edu.ge/how-to-play-blackjack-for-beginners-rules-strategy/,200
http://www.contabiljl.com.br/play-free-casino-games-online-best-slot-table/,200
https://www.gt.com.pl/top-real-money-casino-apps-2025-best-mobile-2/,200
https://minimizi.com/archives/67156,200
http://max-happacher.de/2025/04/top-usa-casinos-2024-best-online-casinos-for-us/,200
https://aielec.pcru.ac.th/10-best-online-casino-apps-that-pay-real-money-apr/,200
https://finalpassdown.com/play-19k-free-casino-games-no-registration-or/,200
https://www.ozoneinfomedia.com/top-legit-online-casinos-safe-real-money-gaming-2/,-1
https://sev-plus.com/play-free-blackjack-online-practice-blackjack-play/,200
https://doinikmatiomanuss.com/introduction-to-blackjack-rules-how-to-play-2/,200
https://www.paktiles.net/play-slots-online-for-real-money-usa-top-10/,412
https://my.cloudwingshost.com/2025/04/17/top-10-sites-to-play-online-blackjack-for-real/,302
https://federacaocrp.org.cv/top-online-casino-games-for-2025-play-win-real-2/,200
https://moroccoruraladventures.com/blackjack-free-online-game-mashable-3/,200
https://aio.manzeraayenna.com/2025/04/17/free-slots-free-casino-games-online/,404
https://dunglinhmobile.com/play-blackjack-online-for-free-2/,200
https://insight.yoga/2025/04/17/top-10-sites-to-play-online-blackjack-for-real-2/,200
https://dbaxe.com/agency/unveiling-secrets-of-thriving-in-casino-online-2/,403
https://odysseymorocco.com/blackjack-free-online-game-mashable/,200
http://momo0o0o.woobi.co.kr/?p=20605,200
https://garammasalaedmonton.com/play-at-top-10-slots-online-for-real-money-casinos/,200
http://iching.woobi.co.kr/most-popular-slots-online-casino-games-play-for/,200
https://fr.test.theringfinders.com/blog/Admin/2025/04/top-usa-casinos-2024-online-casinos-3/,200
https://nccdn.org/best-real-money-online-casinos-for-us-players-2025/,200
https://digipet.hadf.ir/10-best-online-slots-for-real-money-casinos-to/,200
https://ihcteneng-usa.com/top-10-gambling-casinos-usa-to-play-for-real-money-2/,200
http://www.evergoldcs.com/top-slot-machines-to-play-win-online-for-real-2/,200
https://wp11-c13380-2.btsndrc.ac/10-best-online-slots-for-real-money-casinos-to-2/,200
https://doubleshinetravel.simple.weon.website/top-slot-machines-to-play-win-online-for-real-3/,404
https://edc5db6fd710321614.temporary.link/2025/04/17/top-online-slots-for-real-money-10-best-casino-2/,200
https://leonedev.sviluppo.host/best-usa-casinos-to-play-online/,200
http://jitao.vip/index.php/2025/04/17/top-10-online-casino-real-money-sites-in-the-usa/,200
https://embodyyourdivinity.com/2025/04/17/play-free-casino-games-no-download-or-sign-up-2/,200
https://kiek.wedenkenaanje.nl/uncategorized/top-online-casino-games-for-2025-play-win-real-3/,200
https://www.oti.az/play-19k-free-casino-games-no-registration-or-2/,200
https://old.tesora.fund/2025/04/17/play-slots-online-for-real-money-usa-top-10-4/,200
https://mei-hongqi-ly.com/top-online-casino-games-for-2025-play-win-real/,200
https://frontiirsg.com/2025/04/17/no-deposit-casino-bonuses-us-april-2025-2/,200
https://endolit.net/endoappforum/the-best-no-deposit-bonus-codes-april-2025-2/,-1
https://energieagentur-untermain.de/best-casino-table-games-to-play-online-for-real-3/,200
https://erahedanesh.ir/top-legit-online-casinos-safe-real-money-gaming/,404
https://wellybans.com/top-real-money-casino-apps-2025-best-mobile-4/,405
https://vav.com.my/play-19k-free-casino-games-no-registration-or-3/,200
https://cocina-colectiva.com/no-deposit-bonuses-for-australia-90-casino-offers-4/,200
http://ninakimoli.com/2025/04/17/best-no-deposit-bonuses-2025-2/,200
http://alphapro.com.vn/2025/04/17/top-10-online-casinos-to-play-real-money-games-in/,200
https://akina.com.vn/no-deposit-bonus-2025-the-best-online-casinos-in-2/,200
https://elantxobekomendimartxa.com/2025/04/17/top-real-money-casino-apps-2025-best-mobile/,200
https://prospectd.com.ua/best-online-casinos-for-real-money-in-new-zealand/,-1
https://taisei-ts.co.jp/news/no-deposit-bonus-codes-2025-2/,-1
https://vervesitestaging.com/flower/uk-no-deposit-bonus-codes-2025/,404
https://globalproductions.co.in/2025/04/17/top-mobile-casinos-in-south-africa-2025-no-deposit/,200
https://talcotransport.com.au/no-deposit-bonus-casinos-in-canada-april-2025-2/,200
https://campechecentral.com/?p=265042,200
https://gagan.tokyo/play-at-top-10-slots-online-for-real-money-casinos-2/,200
https://rizkdev.wpengine.com/blog/new-real-money-online-casinos-in-nj-nj-com-2/,403
https://albarqenergy.com/2025/04/17/best-no-deposit-bonuses-2025-4/,200
https://checkgaadi.com/10-best-mobile-casinos-and-apps-for-real-money/,200
https://sasycakeaway.com/2025/04/17/no-deposit-bonus-casino-canada-2025-win-real-money-2/,200
https://rm-support.com/wp/2025/04/17/best-casino-table-games-to-play-online-for-real-2/,200
http://level7techgroup.com/blog/?p=17287,200
http://primalex.com.ua/best-no-deposit-bonuses-2025-play-for-free-win/,200
https://michaelgreenwood.co.uk/hgv/online-casino-play-real-money-casino-games-at/,200
https://legacy.availo.pl/unveiling-secrets-of-thriving-in-casino-online-3/,404
https://dubdev.wpengine.com/top-sites-for-2025/,403
https://hesflower.com/2025/04/17/latest-uk-no-deposit-bonuses-2025-get-10-free-6/,405
https://xn--b1aecgc2b2a1f.xn--p1ai/top-10-online-casino-real-money-sites-in-the-usa-4/,403
http://customervision.nl/2025/mobile-casino-online-sports-betting-uk-200-bonus/,200
https://print-on.by/2025/04/17/online-casino-games-play-for-real-money-or-for-fun-4/,403
https://noithatpalo.com/2025/04/17/top-mobile-online-casinos-for-real-money-in-2025-2/,200
https://muchamierda.es/no-deposit-casino-bonuses-us-april-2025-5/,200
http://new.petroservices.org/2025/04/17/the-blackjack-academy-learn-blackjack-free-from-a/,200
https://traditionsglobalnetwork.com/blackjack-21-card-game-for-you-to-play-from-aarp/,200
https://sinarinterloc.com/2025/04/17/best-free-chip-bonuses-play-risk-free-and-win-real/,200
http://atlasedgroup2.wpengine.com/best-online-casinos-real-money-gambling-sites-for/,403
http://buserentacar.com/best-sweepstakes-casino-apps-in-the-us-in-2025/,503
https://c51dev.wpengine.com/california-online-gambling-2025-casinos-sports-2/,403
https://a150.ru/2025/04/17/top-10-online-casino-real-money-sites-in-the-usa-3/,200
https://webdongphuc.vn/top-10-online-roulette-sites-for-real-money-play/,200
https://leanfactor.wpengine.com/news/top-legit-online-casinos-safe-real-money-gaming-5/,403
https://societe.thallium-marketing.com/10-best-online-casinos-and-gambling-sites-2025/,200
https://eralash.vse.digital/news/top-10-online-roulette-sites-for-real-money-play-3/,-1
https://grip770.com/play-at-top-10-slots-online-for-real-money-casinos-6/,200
https://eshop.tj/top-10-online-roulette-sites-for-real-money-play-4/,200
https://ddwenterprises.com/how-to-play-blackjack-rules-gameplay-more-2/,200
https://memoconsult.com/?p=159709,200
https://ciptaanugerah.com/blackjack-21-card-game-for-you-to-play-from-aarp/,200
https://esports.com.vn/the-blackjack-academy-learn-blackjack-free-from-a-3/,503
http://dragan.stage-ci.design/basic-rules-strategies/,200
https://ny.leksandstrand.se/nyheter/play-free-blackjack-online-practice-blackjack-play-3/,200
https://globe.shiksak.com/surveylink/learn-how-to-play-blackjack-in-6-easy-steps-2/,200
https://www.motelfrancia.cl/10-best-online-blackjack-for-real-money-casinos-to/,-1
https://milestonecon.co.za/play-free-blackjack-online-practice-blackjack-play-2/,200
https://gatewayviet.com.vn/2025/04/17/free-blackjack/,404
https://decorhaus.ru/2025/04/17/blackjack-21-card-game-for-you-to-play-from-aarp-3/,200
https://navipack.grupovenado.com/how-to-play-blackjack-for-beginners-2/,200
https://biblioteca.claretianosdelsur.org/2025/04/17/blackjack-variations-rules-of-20-game-versions-3/,200
https://www.slagerijaarse.nl/blackjack-rules-how-to-play-blackjack-beginners-4/,200
https://schwamb.mainzweb.de/blackjack-rules-master-how-to-play-21-2/,200
https://www.the-aupair.co.za/free-online-blackjack-game-play-blackjack-online-2/,200
http://www.otadenshi.com/2025/04/18/the-blackjack-academy-learn-blackjack-free-from-a-2/,200
http://vmm.aeonx.digital/blackjack-instantly-play-blackjack-online-for-free-2/,200
https://en.congnghekiemtra.vn/learn-the-rules-strategy-and-more-at-blackjackinfo-3/,-1
https://congnghekiemtra.vn/online-blackjack-free-game-trainer-learn-to-count-3/,-1
https://www.geintegreerdevisserij.nl/blackjack-free-online-game-mashable/,200
http://outliers.fr/test/play-free-or-real-money-blackjack-2/,-1
http://bbalbric.com/casino-helsinki-kluuvi-helsinki-uusimaa/,200
http://dev.supercotrading.com/blackjack-rules-how-to-play-blackjack-beginners/,200
https://www.share-view.com/2025/04/17/blackjack-rules-master-how-to-play-21/,200
https://prodaja.ekreativa.com/blackjack-variations-rules-of-20-game-versions/,-1
http://shop2.serenity-vl.ru/2025/04/17/play-blackjack-online-for-free/,404
https://www.installsolutionllc.com/blackjack-rules-how-to-play-blackjack-beginners-2/,200
https://www.fideitabira.com.br/2014/news/blackjack-strategy-rules-games-3,200
https://laineleads.com/play-free-blackjack-online-practice-blackjack-play-4/,405
https://i-wapp.es/imarkt/admin/top-10-sites-to-play-online-blackjack-for-real/,200
https://tribe.thewholeexperience.org/2025/04/17/blackjack-variations-rules-of-20-game-versions-2/,200
https://www.connectwithequity.com/blackjack-rules-master-how-to-play-21-3/,-1
https://www.cn-itie.ci/?p=506186,200
https://keizermedical.com/2025/04/17/blackjack-instantly-play-blackjack-online-for-free/,200
http://awakenedmillionaireacademy.com/members/how-to-play-blackjack-online-real-money-blackjack/,200
https://dwresourcesdmcc.com/2025/04/17/casino-helsinki-kluuvi-helsinki-uusimaa-2/,200
https://www.compsuite.com/blog/play-free-or-real-money-blackjack-3,200
https://www.unimas.net/play-free-blackjack-online-practice-blackjack-play/,200
http://www.nishizawa-ltd.com/2025/04/18/how-to-play-blackjack-for-beginners/,200
http://info.dekedigital.com/introduction-to-blackjack-rules-how-to-play/,403
https://www.klimat.cz/2025/04/17/casino-helsinki-kluuvi-helsinki-uusimaa-3/,-1
https://villagelist.co/2025/04/17/free-online-blackjack-game-play-blackjack-online-5/,403
https://www.granjamiretiro.com/free-online-blackjack-game-play-blackjack-online-3/,200
https://ecommercetest.iomad.org/wordpress/2025/04/17/blackjack-rules-how-to-play-blackjack-beginners-3/,404
http://style40.netns.co.kr/index.php/2025/04/18/how-to-play-blackjack-rules-gameplay-more/,200
http://clients.codemaster.co.il/autoshai/?p=8011,200
https://www.axime.co/2025/04/17/learn-how-to-play-blackjack-in-6-easy-steps-3/,200
https://staging.brannstromsmekaniska.se/the-blackjack-academy-learn-blackjack-free-from-a/,200
https://bridgesintech.com/staging/2025/04/17/learn-how-to-play-blackjack-in-6-easy-steps/,200
https://com-robotskills72.mwk.ac.th/?p=296219,200
https://koshenda.com/?p=419667,503
https://www.sushi-hungryeye.be/online-blackjack-free-game-trainer-learn-to-count-2/,200
https://www.mygardenparty.com.au/2025/04/17/blackjack-strategy-rules-games-2/,403
https://www.hindibhashi.com/best-casino-bonuses-for-2025-maximize-your-wins/,200
https://nextoons.bex.jp/2025/04/18/699151/,200
https://uaehistory.com/order-delicious-pizza-fresh-salads-online/,200
https://pro-sport.biz/best-online-casino-bonuses-for-new-and-existing/,403
http://www.magicalmakingup.net/casino-bonus-best-us-online-gambling-promotions-2/,200
https://pneuhanzelka.cz/2025/04/17/no-deposit-codes-available-for-united-states/,200
http://arisaraldalecumplimos.risaralda.gov.co/index.php/2025/04/17/how-to-play-blackjack-2/,200
https://www.tododeportecopiapo.cl/2025/04/17/best-sweepstakes-casino-no-deposit-bonus-in-2025/,200
https://www.multyskills.co.uk/2025/04/17/casino-bonus-best-us-online-gambling-promotions/,200
https://mpn.cladev.com/2025/04/free-blackjack/,200
https://dptechnologie.pl/best-online-casinos-in-2025-real-money-sites-3/,200
https://mesin.polnep.ac.id/online-casino-play-real-money-casino-games-at-2/,-1
https://yeshodot.com/2025/04/17/free-online-poker-tournaments-game/,200
https://kylahbeauty.com/2025/04/17/free-online-poker-games/,200
https://atmiyacomputer.org/poker-basic-rules-and-gameplay/,200
https://licensureexamsresult.com/2025/04/17/10-best-real-money-online-casinos-for-usa-players-4/,200
https://www.konambalaj.com/2025/04/17/play-texas-hold-em-online-free-2-12-players-no-ads/,-1
https://moonsoft-dz.com/2025/04/17/play-free-poker-games-online-only-at-replay-poker/,200
https://ind-equipments.com/?p=14577,200
https://dev.ar.placemyart.com/allgemein/10-best-real-money-online-casinos-for-usa-players-3/,200
https://old.jamiyyathsalaf.com/top-10-online-casinos-to-play-real-money-games-in-5/,200
https://shutterspro.co.uk/2025/04/17/free-poker-games-online/,200
https://phygital-media.com/2025/04/17/best-online-casinos-in-usa-top-casino-sites-for-5/,200
https://dev.365onstage.com/play-online-poker-with-world-series-of-poker/,200
https://xn--42cga4czah6db4dhzd6bde7g.com/top-6-poker-online-for-real-money-gambling-sites/,200
https://donytriumph.biz/10-best-online-casinos-in-the-us-2025-6/,406
https://www.immigrationall.com/play-at-top-10-slots-online-for-real-money-casinos-8/,200
https://multiwirer.com/best-online-casinos-in-usa-top-casino-sites-for-3/,200
https://skiper.q100.pl/wordpress/?p=1710,-1
https://www.runandburn.com.br/new-real-money-online-casinos-in-nj-nj-com-4/,-1
https://prova.vgen.it/top-10-online-casino-real-money-sites-in-the-usa-8/,200
https://merinoymurgui.com/?p=225802,200
https://www.mapleleafhotels.co.in/?p=258782,500
http://pymesmisiones.ademi.org.ar/2025/04/17/top-10-casino-gambling-sites-for-real-money-in-the-4/,200
https://www.credebtexchange.com/news/best-online-casinos-highest-payout-online-casinos-3,200
https://businessideas24.com/best-online-casino-sites-expertly-reviewed-top-5/,404
https://ancient.hanlian.com/index.php/2025/04/17/top-10-online-casinos-to-play-real-money-games-in-4/,404
https://game.millecrepestudios.com/10-best-online-casino-real-money-sites-in-usa-for-6/,200
https://pruebas.teatrocervantes.gob.ar/top-legit-online-casinos-safe-real-money-gaming-6/,200
http://staging.resellerme.com/news/best-online-casinos-real-money-gambling-sites-for-2/,200
https://cnkrealestate.com/2025/04/17/how-to-play-texas-hold-em-poker-holdem-rules-hands/,404
https://designers.toplevelwebhost.com/free-online-poker-tournaments-game-3/,200
http://docs.antecom.ru/bez-rubriki/texas-holdem-poker-top-6-hold-em-sites-online-in-3/,403
https://beevotech.com/online-poker-sites-expert-reviews-in-april-2025/,200
https://pizzaconeom.heshamelquerm.com/play-online-poker-with-world-series-of-poker-4/,200
https://bizgrow-digital.co.uk/play-free-poker-games-online/,200
https://concorecabinetry.com/texas-holdem-poker-top-6-hold-em-sites-online-in-2/,200
https://qumily.co.uk/free-texas-hold-em-play-free-online-casino-games-2/,200
https://www.janrang.com/2025/04/17/natasha-lyonne-s-charlie-cale-is-back-on-the-case/,200
https://languageteachinghub.com/2025/04/17/premier-social-poker-site-play-poker-online-2/,200
https://www.ghanolaprov.org/2025/04/17/poker-online-free-free-texas-holdem-game/,200
https://nivata.shop/news/poker-online-free-free-texas-holdem-game-2/,200
https://www.advant.co.za/free-online-poker-tournaments-game-2/,200
https://www.gocarrot.in/2025/04/17/poker-basic-rules-and-gameplay-2/,200
https://pg8.0c0.myftpupload.com/play-onlinepoker-games/,200
https://zipsnore.wpengine.com/news/online-casino-real-money-usa-best-10-in-2025-5/,403
https://c9v.5b0.myftpupload.com/play-online-poker-with-world-series-of-poker-3/,200
http://4nb.19e.myftpupload.com/2025/04/17/top-10-online-casino-real-money-sites-in-the-usa-9/,200
https://6xg.554.myftpupload.com/play-online-poker-with-world-series-of-poker-2/,200
https://firstimpre1stg.wpengine.com/best-online-casinos-for-real-money-in-new-zealand-2/,403
https://broudestage.wpengine.com/best-online-casinos-in-usa-top-casino-sites-for-4/,403
https://y95.b03.myftpupload.com/free-online-poker-game-play-free-poker-games-2/,200
https://guimajoias.com.br/2025/04/18/top-10-online-casino-bonuses-promos-11k-in-sign-up/,200
http://gurkha.cl/2025/04/18/best-casino-bonus-in-the-philippines-for-2025-top-2/,200
https://handy.almiskshj.com/usa-online-casino-promotions-calendar-get-free-3/,500
http://iacs.agilistechlabs.com/wp/2025/04/18/best-online-casino-promo-codes-and-bonuses-april/,200
https://htechninja.com.ng/2025/04/18/fanduel-casino-350-bonus-spins-40-bonus-for-10/,200
https://www.imagiception.com/2025/04/18/south-point-offering-special-deals-for-players-50/,500
https://insuranceandinvestmentsolutions.ca/promotions-palms-casino-resort/,200
https://iraqiseu.com/top-10-online-casino-bonuses-promos-11k-in-sign-up/,200
https://noolthettam.com/free-online-slots-play-17000-free-demo-slot-games/,404
http://youniverseintercambios.com/saml-roulette-the-hacker-always-wins-4/,200
https://daytriplearning.pec.org.pk/2025/04/17/free-online-slots-play-2400-casino-slot-games-with/,403
https://kyushu.food-stadium.com/news-flash/45753/,200
https://carbuy.com.ua/how-to-play-roulette-rules-bets-odds-payouts-5/,200
http://taviramonte.com/how-to-play-poker-basic-poker-rules-for-new-2/,200
https://sabotage-tattoo.com/how-to-play-texas-hold-em-poker-holdem-rules-hands-2/,404
https://bvcondeixa.pt/premier-social-poker-site-play-poker-online-3/,-1
https://clubinfinity.pl/2025/04/17/free-online-poker-games-3/,200
https://sac-elearning.com/how-to-play-poker-basic-poker-rules-for-new/,-1
https://ugarak.ba/2025/04/17/free-online-poker-game-play-free-poker-games-3/,403
https://voudes.com/cz/free-online-poker-tournaments-game-5/,200
https://bluebellschool.org/roulette-guide-how-to-play-best-strategy-top-sites-3/,200
https://kyiv-online.net/news/play-online-roulette-for-real-money-top-casino-2/,200
https://jandjgaragedoortucson.com/how-to-play-roulette-rules-bets-odds-payouts-3/,403
https://giaiphapmangtako.com/poker-online-free-free-texas-holdem-game-4/,403
https://theblackwolf.ie/2025/04/17/free-poker-games-online-4/,403
https://gogglesguru.com/american-roulette-play-online-roulette-for-free/,200
https://t-card.shop/play-online-roulette-for-real-money-top-casino/news-2/,404
https://web.udi.edu.co/aviacion/2025/04/17/roulette-americaine-jouez-gratuitement-a-la-2/,-1
https://espc.pk/free-online-poker-tournaments-game-7/,200
https://anhuongoil.vn/top-roulette-online-casinos-to-play-win-real-money/,200
https://kittypits.de/2025/04/17/poker-online-free-free-texas-holdem-game-5/,403
https://jugosaustrales.com/2025/04/17/online-roulette-games-you-can-play-for-free-no-2/,200
https://aroeats.net/aroeats/roulette-rules-and-odds-bets-payouts-probabilities-5,200
https://cua.mlaaz.org/best-10-live-roulette-online-casinos-for-real-2/,200
https://vafood.ir/roulette-rules-odds-betting-tips-4/,200
http://healthclinic.pl/news/roulette-rules-and-odds-bets-payouts-probabilities-2/,200
http://sigolamping.com/?p=501962,200
http://www.perfilacosp.com/wp/news/top-live-roulette-games-in-2025-play-with-real/,200
https://hikarinosono.tokyo/les-varietes-de-la-roulette/,200
https://atvgrup.ru/poker-face-season-2-trailer-promises-more-quirky-4/,200
https://ltssecure.com/free-roulette-games-play-here-the-best-online-3/,200
https://sansiri.com.au/2025/04/18/poker-face-season-2-trailer-drops-and-star-natasha-2/,200
https://local.co.zw/news/roulette-rules-and-odds-bets-payouts-probabilities-4/,200
https://hondagateway.com.pk/the-ultimate-roulette-online-guide/,-1
https://seniorsplayground.co.za/free-texas-hold-em-play-free-online-poker-with-2,200
https://orangetheoryfitness.co.il/roulette-guide-how-to-play-best-strategy-top-sites/,200
http://portail.sim2g.net/2025/04/17/top-10-online-roulette-sites-for-real-money-in-2/,403
https://fleuriste-toulouse.fr/play-poker-texas-holdem-online-for-free-2/,200
https://lodgefarm-plants.com/news/top-roulette-online-casinos-to-play-win-real-money-6/,200
https://formosa.house/natasha-lyonne-s-charlie-cale-is-back-on-the-case-4/,200
https://carbuy.com.ua/how-to-play-roulette-rules-bets-odds-payouts-5/,200
https://sfseabgqtkey-dev.sanyo-fast.com/2025/04/18/play-free-poker-games-online-2/,200
https://elwkalahgroup.com/cozy-up-with-free-fall-poker-games-play-online-now/,200
https://lynbet.pro/free-online-poker-tournaments-game-4/,200
https://demo.idnovate.com/wp/2025/04/17/top-10-online-roulette-sites-for-real-money-in-3/,404
http://professionistiperroma.altervista.org/play-free-poker-games-online-only-at-replay-poker-3/,200
https://bazyaft.sepanodp.com/free-slots-no-download-play-demo-slot-machine/,200
http://cbjobferry.lu.lv/poker-basic-rules-and-gameplay-4/,200
https://egif.dev.digigov.grnet.gr/premier-social-poker-site-play-poker-online-4/,200
https://omegafit.com.au/natasha-lyonne-s-charlie-cale-is-back-on-the-case-3/,403
https://jankiclothing.24livehost.com/free-roulette-games-play-here-the-best-online-4/,200
http://smartauto.dev.dealerinspire.com/casino-helsinki-wikipedia-2/,200
https://demo.simpkb.id/tech-meets-chance-how-ai-is-changing-online/,200
https://helpcenter.logintrade.pl/index.php/2025/04/17/roulette-guide-for-beginners-rules-bets-strategy-3/,200
https://formacion.poliwingo.com/10-best-real-money-slots-25-free-bonus/,200
https://si.secda.info/tlsm20220139x/?p=16415,200
http://raycatenaautogroup.dev.dealerinspire.com/free-online-poker-games-5/,200
https://h2852162.stratoserver.net/index.php/2025/04/17/top-6-texas-holdem-poker-sites-play-hold-em-online-5/,200
http://www.winning-partnership.com/online-roulette-games-you-can-play-for-free-no-4/,200
https://hud8.vn/free-texas-hold-em-play-free-online-casino-games-4/,404
http://register.sipf.sg/roulette-jeux-de-roulette-gratuite-jouer-a-la-3/,200
https://demos.pokatheme.com/pokatheme-dashboard/2025/04/17/how-to-play-roulette-rules-betting/,200
https://pongspace.weblinedesigns.com/how-to-play-roulette-rules-bets-odds-payouts-2/,403
https://wcpwa.webkul.in/roulette-guide-how-to-play-best-strategy-top-sites-5/,404
https://pb8.e85.myftpupload.com/play-free-poker-games-online-only-at-replay-poker-2/,200
https://www.atcreative.co.th/how-to-play-roulette-rules-bets-odds-payouts-7/,404
https://demo-store.ali2woo.com/2025/04/17/roulette-americaine-jouez-gratuitement-a-la-4/,200
http://dev.millenniumrunning.com/2025/04/17/top-roulette-online-casinos-to-play-win-real-money-3/,200
http://landroverocala.dev.dealerinspire.com/online-poker-sites-expert-reviews-in-april-2025-3/,200
http://competitioninfinitiofsmithtown.dev.dealerinspire.com/top-6-texas-holdem-poker-sites-play-hold-em-online-3/,200
http://www.invo.ro/online-roulette-games-you-can-play-for-free-no-5/,200
https://uzz.c1d.myftpupload.com/2025/04/poker-face-season-2-trailer-promises-more-quirky/,200
https://super.heroes.app/2025/04/17/giocare-online-roulette-gratis-2/,200
https://kleo-blank.seventhqueen.com/free-texas-hold-em-play-free-online-poker-with-3/,200
https://sheehyfordofwarrenton.dev.dealerinspire.com/poker-news-best-online-poker-site-reviews-bonuses/,200
http://milnesauto.dev.dealerinspire.com/free-online-poker-tournaments-game-6/,200
http://www.techtile.org/news-2/saml-roulette-the-hacker-always-wins-5/,200
https://sheehybuickgmc.dev.dealerinspire.com/play-poker-texas-holdem-online-for-free/,200
https://www.herbalvitality.info/wp/news/free-roulette-simulator-and-odds-calculator,404
https://iditaread.iditarod.com/roulette-jeux-de-roulette-gratuite-jouer-a-la/,200
https://jcecleaning.wpcomstaging.com/poker-basic-rules-and-gameplay-3/,200
https://story.sarkarijobfind.com/roulette-guide-for-beginners-rules-bets-strategy-2/,200
https://ciguawatch.ilm.pf/les-varietes-de-la-roulette-4/,200
https://sheehyfordofashland.dev.dealerinspire.com/winning-poker-hands-poker-hand-rankings-2/,200
https://statgabon.ga/2025/04/17/top-live-roulette-games-in-2025-play-with-real-3/,200
https://www.publi-redes.com/247-roulette-play-and-win-with-top-online-roulette-2/,200
http://medianil.com.mx.previewc75.carrierzone.com/?p=354215,200
https://emobility-automotive5.kweb.me/how-to-play-roulette-rules-betting-2/,200
https://bedah.fk.ui.ac.id/?p=353491,403
https://cachinhnhat.com/poker-face-season-2-trailer-promises-more-quirky-3/,-1
https://kpi.ablaikhan.kz/2025/04/17/2025-s-top-online-slots-casinos-to-play-for-real-3/,200
https://whmcs.host/best-10-live-roulette-online-casinos-for-real-3/,200
http://training.insurancesplash.com/poker-online-free-free-texas-holdem-game-6/,200
https://hikaku.xvs.jp/?p=204608,200
https://pravila.com/content/online-casino-bonuses-explained-online-casino-3/,200
http://www.melissaclarkconsulting23653.development-env.com/2025/04/17/best-sweepstakes-casino-no-deposit-bonus-in-2025-5/,200
http://pokerazo.es/best-us-online-casino-bonuses-ranked-reviewed-apr,200
https://www.newschattogram.com/429949/,302
https://radioaltorefugio.com/2025/04/17/best-casino-bonuses-for-2025-maximize-your-wins-2/,-1
https://www.pearlcoast.com/casino-bonus-best-us-online-gambling-promotions-2/,200
https://prvabrazda.rs/2025/04/17/pa-online-casino-bonuses-2025-45-no-deposit-bonus-3/,200
https://www.element-photo.fr/casino-bonus-best-us-online-gambling-promotions/,403
https://psychotherapyjapan.com/online-casino-bonuses-explained-online-casino-2/,200
http://modelab-studio.com/online-casino-bonuses-explained-online-casino/,200
http://www.rajalatex.pupukkaretdansawit.com/2025/04/17/top-online-casino-bonuses-for-2025-claim-yours-2/,200
https://repaydown.com/news/trusted-casino-promo-codes-april-2025-compare-and/,200
https://sackscargo.com/best-sweepstakes-casino-no-deposit-bonus-in-2025-6/,404
http://kosakowo.em27.atthost24.pl/news/2025-s-top-online-casino-bonuses-with-live-updates/,200
https://demo.orden.co.in/2025/04/17/10-best-real-money-online-casinos-casino-sites/,200
http://demo.agasthi.com/news/trusted-casino-promo-codes-april-2025-compare-and-4/,200
https://demo.beeplugin.com/custom_discount_plugin/2025/04/17/top-online-casino-bonus-offers-2025-claim-your-2/,200
http://www.dbio.com.br/2025/04/17/top-online-casino-bonus-offers-2025-claim-your/,403
https://www.ddccoolmakers.ph/betty-wins-casino-no-deposit-bonus-150-free-chip/,200
https://www.dallco.com.co/online-casino-bonuses-2025-casino-guru-bonus/,200
https://download.myanmarsexstory.com/?p=9719,200
https://download366.info/trusted-casino-promo-codes-april-2025-compare-and-3/,404
https://www.dormirearieti.it/news/best-online-casino-bonuses-2025-11-000-in-bonus/,200
https://www.dtpl.nl/news/online-casino-no-deposit-bonus-codes-for-us-2,200
https://www.drukletters.com/news/best-casino-bonuses-for-2025-maximize-your-wins/,200
http://dt-conference.digitrends.us/2025/04/17/online-casino-no-deposit-bonus-codes-for-us/,200
https://eifosmua.com/2025/04/18/no-deposit-casino-bonuses-us-april-2025/,200
https://www.energ.fit/2025/04/18/best-online-casino-bonus-codes-no-deposit/,302
http://eggerland.com/best-casino-bonuses-2025-grab-free-spins-welcome/,200
https://elearning.consultant.mg/2025/04/18/best-online-casino-bonus-codes-offers-in-the-us/,200
https://www.edpharma.com/blog/2025/04/18/best-online-casino-bonuses-2025-11-000-in-bonus-2/,302
https://empowerxcend.com/news/online-casino-bonus-2025-top-50-codes-bestenliste-2/,200
https://easylifeequipments.com/2025/04/18/best-sweepstakes-casino-no-deposit-bonus-in-2025/,200
http://www.enlacedefensa.cl/2025/04/18/best-promotions-for-usa-online-casinos-april-2025/,500
https://educaderma.com.br/trusted-casino-promo-codes-april-2025-compare-and/,403
https://elaf.org.za/2025/04/18/best-casino-bonuses-uk-2025-exclusive-casino/,200
https://eleven94tech.com/best-no-deposit-online-casino-bonuses-2025-3/,200
https://egenergia.com/2025/04/18/best-no-deposit-online-casino-bonuses-2025-2/,200
https://edu.kingclassacademy.com/best-sweepstakes-casino-no-deposit-bonus-in-2025-2/,200
https://elanva.com/best-online-casino-bonuses-2025-11-000-in-bonus-3/,-1
https://www.endotec.it/bet365-casino-bonus-code-mlive-offers-up-to-500/,200
https://formularios.upeats.pt/no-deposit-codes-available-for-united-states-3/,403
https://www.fotootticamax.it/best-online-casino-bonuses-promotions-2025/,301
https://federalandco.liqteq.us/2025/04/18/best-online-casino-bonuses-2025-11-000-in-bonus/,200
https://foodtruck-onsite.com/2025/04/18/betty-wins-casino-no-deposit-bonus-150-free-chip/,403
https://www.ferrum.com.pg/index.php/2025/04/18/online-casino-no-deposit-bonus-codes-for-us/,200
https://www.flossdentalsurrey.ca/best-casino-bonuses-for-2025-maximize-your-wins/,200
https://www.fonovcentar.rs/no-deposit-codes-available-for-united-states-2/,200
https://www.figurfestspillene.no/2025/04/trusted-casino-promo-codes-april-2025-compare-and-2/,-1
https://gkaribekova.com/best-online-casino-bonuses-2025-11-000-in-bonus-4/,200
https://gitex.icewarp.me/trusted-casino-promo-codes-april-2025-compare-and-3/,-1
https://www.goldcorpoutofguatemala.com/online-casino-bonus-2025-top-50-codes-bestenliste/,200
https://greatworld.shop/news/online-casino-bonuses-explained-online-casino/,200
https://www.greatsu.cn/archives/273,200
https://hbtruckwash.com/2025/04/17/online-slots-casino-slots-5/,200
https://soogy.net/play-free-slots-online-best-vegas-casino-slot-2/,200
http://intro.com.mx/w/free-online-slot-machines-6/,200
https://dobradeirasfachini.com.br/top-slot-machines-for-2025-best-online-slots-for-3/,200
https://heartsofoaksc.com/web/10-best-real-money-slots-25-free-bonus-5/,200
http://overtime.vn/free-slots-play-over-3000-slot-games-online-for-3-236141.html,404
https://sarms-bmm-supplements.com/free-slots-free-casino-games-online-2/,403
https://tuiluoidungtraicay.com/best-online-slots-top-slot-sites-for-2025-3/,200
https://salud10medellin.com/2025/04/17/free-slots-no-download-play-demo-slot-machine-5/,200
https://aamal.sa/2025/04/17/play-slots-lounge-online-for-free-2/,200
https://altechturbo.com/play-free-slot-games-no-download-no-registration/,200
https://sdsud.com/play-free-online-games-slot-3/,403
https://connektitude.com/top-slot-machines-for-2025-best-online-slots-for-2/,200
https://chenlephuhai.com/best-online-slots-for-real-money-top-5-slot-games-6/,200
https://indaca.com.ve/site/play-all-the-free-slot-games-by-gambino-slot-2/,200
https://agenzialamiacasa.it/blog/free-slots-online-play-2-450-online-slots-for-fun-2/,200
https://burger-lab-rest.freesite.io/news/top-free-slots-online-casino-games-usa-april-2025-4.html,-1
https://innfuturum.com/10-best-real-money-online-slots-sites-of-2025-2/,200
http://bhumibalo.org/?p=378829,503
https://connektitude.com/top-slot-machines-for-2025-best-online-slots-for-2/,200
https://www.ama-zumagroup.com/blog/?p=12794,200
https://planehosts.com/wp/2025/04/17/free-slots-play-over-3000-slot-games-online-for-2/,200
https://endolit.net/endoappforum/the-best-no-deposit-bonus-codes-april-2025-2/,200
https://helpcenter.logintrade.pl/index.php/2025/04/17/roulette-guide-for-beginners-rules-bets-strategy-3/,200
https://formacion.poliwingo.com/10-best-real-money-slots-25-free-bonus/,200
https://hud8.vn/free-texas-hold-em-play-free-online-casino-games-4/,404
https://c9v.5b0.myftpupload.com/play-online-poker-with-world-series-of-poker-3/,200
https://www.bench.co.il/free-slots-no-download-play-demo-slot-machine-3/,404
https://demo-store.ali2woo.com/2025/04/17/roulette-americaine-jouez-gratuitement-a-la-4/,200
http://dev.millenniumrunning.com/2025/04/17/top-roulette-online-casinos-to-play-win-real-money-3/,200
http://competitioninfinitiofsmithtown.dev.dealerinspire.com/top-6-texas-holdem-poker-sites-play-hold-em-online-3/,200
https://uzz.c1d.myftpupload.com/2025/04/poker-face-season-2-trailer-promises-more-quirky/,200
http://level7techgroup.com/blog/?p=17287,200
https://test.gameplaying.info/home/free-online-slots-play-casino-slot-machine-games/,200
http://4nb.19e.myftpupload.com/2025/04/17/top-10-online-casino-real-money-sites-in-the-usa-9/,200
https://peopleofwalmart.3rfocuslabs.com/free-slots-with-bonus-by-gambino-social-casino-2/,-1
https://michaelgreenwood.co.uk/hgv/online-casino-play-real-money-casino-games-at/,200
http://milnesauto.dev.dealerinspire.com/free-online-poker-tournaments-game-6/,200
https://6xg.554.myftpupload.com/play-online-poker-with-world-series-of-poker-2/,200
https://clientes.socialbuey.com/play-free-online-games-slot/,200
https://jcecleaning.wpcomstaging.com/poker-basic-rules-and-gameplay-3/,200
https://test.afmlta.asn.au/2025/04/17/best-online-slots-top-slot-sites-for-2025-2/,200
http://new.petroservices.org/2025/04/17/the-blackjack-academy-learn-blackjack-free-from-a/,200
https://sheehyfordofashland.dev.dealerinspire.com/winning-poker-hands-poker-hand-rankings-2/,200
https://cachinhnhat.com/poker-face-season-2-trailer-promises-more-quirky-3/,-1
https://webdongphuc.vn/top-10-online-roulette-sites-for-real-money-play/,200
https://omegafit.com.au/natasha-lyonne-s-charlie-cale-is-back-on-the-case-3/,403
https://pb8.e85.myftpupload.com/play-free-poker-games-online-only-at-replay-poker-2/,200
https://uzz.c1d.myftpupload.com/2025/04/poker-face-season-2-trailer-promises-more-quirky/,200
https://mtcreatingimages.com/free-slots-with-bonus-by-gambino-social-casino-3/,200
https://www.ditullio-and-sons.com/2025/04/17/free-online-slots-play-casino-slot-machine-games-4/,200
https://motor.wejustdesign.com/caesars-slots-play-free-slots-1m-free-coins-3/,200
http://www.quadrat.ro/best-online-slots-for-real-money-top-5-slot-games-5/,200
https://schoolpage.mabuchi-web.jp/news/550565/,200
http://www.meetmed.fr/free-online-slots-play-2400-casino-slot-games-with-5/salon/,200
https://fukusi.sikaku-style.com/2025/04/free-slots-in-the-us-1-100-free-online-slot-games-2.html,200
https://www.drobne.fm/free-slots-in-the-us-1-100-free-online-slot-games/,200
http://www.londonfashionbook.co.uk/free-online-slot-machines-5-2/,403
http://chip3.pro.demo.coodemo.com/online-slots-casino-slots-3/,404
https://www.bench.co.il/free-slots-no-download-play-demo-slot-machine-3/,404
https://peopleofwalmart.3rfocuslabs.com/free-slots-with-bonus-by-gambino-social-casino-2/,-1
http://jerryfavorite.com/10-best-real-money-slots-25-free-bonus-3/,200
http://mfaproject.com/2025/04/17/free-slots-online-play-4-000-casino-slot-games-3/,200
https://codecanyondemo.work/wcod/2025/04/17/free-online-slots-play-2400-casino-slot-games-with-3/,200
https://jameelahmed.site/2025/04/18/south-point-offering-special-deals-for-players-50/,200
https://www.jskcourse.com/best-promotions-for-usa-online-casinos-april-2025/,500
http://jellyjeff.com/?p=199,200
https://jokeidiot.com/best-casino-promotions-in-scottsdale-phoenix/,200
https://jackbrookstein.co.za/2025/04/18/best-casino-bonus-in-the-philippines-for-2025-top/,404
https://www.jornadasderechopublico.pucv.cl/2025/04/18/best-casino-bonus-in-the-philippines-for-2025-top-2/,-1
https://jumacliente.catalogo.link/online-casino-promotions-2025-list-of-top-current/,200
https://www.jaquerojogar.com.br/news/wynn-rewards-casino-promotions/,200
https://tekmare.eu/usa-online-casino-promotions-calendar-get-free-2/,200
http://test1.ellicottville42.com/best-online-casino-promo-codes-and-bonuses-april/,200
https://staco.uigaint.com/usa-online-casino-promotions-calendar-get-free/,404
